id_empreendimento,nome,bairro,linha,data,unidades_vendidas,distratos,estoque_inicio,vso_pct,ticket_medio,vgv_mes
EMP001,Alta Vista Brooklin,Brooklin,Alto Padrão,2018-03-01,22,0,128,17.11,1453125.0,31968750.0
EMP001,Alta Vista Brooklin,Brooklin,Alto Padrão,2018-04-01,15,0,106,14.33,1460391.0,21905859.0
EMP001,Alta Vista Brooklin,Brooklin,Alto Padrão,2018-05-01,12,0,91,13.16,1467656.0,17611875.0
EMP001,Alta Vista Brooklin,Brooklin,Alto Padrão,2018-06-01,8,0,79,10.25,1474922.0,11799375.0
EMP001,Alta Vista Brooklin,Brooklin,Alto Padrão,2018-07-01,6,0,71,9.08,1482188.0,8893125.0
EMP001,Alta Vista Brooklin,Brooklin,Alto Padrão,2018-08-01,5,0,65,7.46,1489453.0,7447266.0
EMP001,Alta Vista Brooklin,Brooklin,Alto Padrão,2018-09-01,5,0,60,7.59,1496719.0,7483594.0
EMP001,Alta Vista Brooklin,Brooklin,Alto Padrão,2018-10-01,4,0,55,6.58,1503984.0,6015938.0
EMP001,Alta Vista Brooklin,Brooklin,Alto Padrão,2018-11-01,2,0,51,4.84,1511250.0,3022500.0
EMP001,Alta Vista Brooklin,Brooklin,Alto Padrão,2018-12-01,2,0,49,4.75,1518516.0,3037031.0
EMP001,Alta Vista Brooklin,Brooklin,Alto Padrão,2019-01-01,2,0,47,4.39,1525781.0,3051562.0
EMP001,Alta Vista Brooklin,Brooklin,Alto Padrão,2019-02-01,2,0,45,3.49,1533047.0,3066094.0
EMP001,Alta Vista Brooklin,Brooklin,Alto Padrão,2019-03-01,1,0,43,3.01,1540312.0,1540312.0
EMP001,Alta Vista Brooklin,Brooklin,Alto Padrão,2019-04-01,1,0,42,2.2,1547578.0,1547578.0
EMP001,Alta Vista Brooklin,Brooklin,Alto Padrão,2019-05-01,1,0,41,1.65,1554844.0,1554844.0
EMP001,Alta Vista Brooklin,Brooklin,Alto Padrão,2019-06-01,1,0,40,2.57,1562109.0,1562109.0
EMP001,Alta Vista Brooklin,Brooklin,Alto Padrão,2019-07-01,1,0,39,2.33,1569375.0,1569375.0
EMP001,Alta Vista Brooklin,Brooklin,Alto Padrão,2019-08-01,1,0,38,1.73,1576641.0,1576641.0
EMP001,Alta Vista Brooklin,Brooklin,Alto Padrão,2019-09-01,0,0,37,1.11,1583906.0,0.0
EMP001,Alta Vista Brooklin,Brooklin,Alto Padrão,2019-10-01,0,0,37,0.97,1591172.0,0.0
EMP001,Alta Vista Brooklin,Brooklin,Alto Padrão,2019-11-01,1,0,37,1.4,1598438.0,1598438.0
EMP001,Alta Vista Brooklin,Brooklin,Alto Padrão,2019-12-01,1,0,36,1.54,1605703.0,1605703.0
EMP001,Alta Vista Brooklin,Brooklin,Alto Padrão,2020-01-01,1,0,35,1.43,1612969.0,1612969.0
EMP001,Alta Vista Brooklin,Brooklin,Alto Padrão,2020-02-01,0,0,34,1.19,1620234.0,0.0
EMP001,Alta Vista Brooklin,Brooklin,Alto Padrão,2020-03-01,0,0,34,0.91,1627500.0,0.0
EMP001,Alta Vista Brooklin,Brooklin,Alto Padrão,2020-04-01,0,0,34,0.5,1634766.0,0.0
EMP001,Alta Vista Brooklin,Brooklin,Alto Padrão,2020-05-01,0,0,34,0.5,1642031.0,0.0
EMP001,Alta Vista Brooklin,Brooklin,Alto Padrão,2020-06-01,0,0,34,1.13,1649297.0,0.0
EMP001,Alta Vista Brooklin,Brooklin,Alto Padrão,2020-07-01,0,0,34,0.65,1656563.0,0.0
EMP001,Alta Vista Brooklin,Brooklin,Alto Padrão,2020-08-01,0,0,34,0.5,1663828.0,0.0
EMP001,Alta Vista Brooklin,Brooklin,Alto Padrão,2020-09-01,0,0,34,0.5,1671094.0,0.0
EMP001,Alta Vista Brooklin,Brooklin,Alto Padrão,2020-10-01,0,0,34,0.65,1678359.0,0.0
EMP001,Alta Vista Brooklin,Brooklin,Alto Padrão,2020-11-01,0,0,34,0.5,1685625.0,0.0
EMP001,Alta Vista Brooklin,Brooklin,Alto Padrão,2020-12-01,0,0,34,0.5,1692891.0,0.0
EMP001,Alta Vista Brooklin,Brooklin,Alto Padrão,2021-01-01,0,0,34,0.5,1700156.0,0.0
EMP001,Alta Vista Brooklin,Brooklin,Alto Padrão,2021-02-01,0,0,34,0.62,1707422.0,0.0
EMP001,Alta Vista Brooklin,Brooklin,Alto Padrão,2021-03-01,0,0,34,0.55,1714688.0,0.0
EMP001,Alta Vista Brooklin,Brooklin,Alto Padrão,2021-04-01,0,0,34,0.5,1721953.0,0.0
EMP001,Alta Vista Brooklin,Brooklin,Alto Padrão,2021-05-01,0,0,34,0.62,1729219.0,0.0
EMP001,Alta Vista Brooklin,Brooklin,Alto Padrão,2021-06-01,0,0,34,0.5,1736484.0,0.0
EMP001,Alta Vista Brooklin,Brooklin,Alto Padrão,2021-07-01,0,0,34,0.5,1743750.0,0.0
EMP001,Alta Vista Brooklin,Brooklin,Alto Padrão,2021-08-01,0,0,34,0.65,1751016.0,0.0
EMP001,Alta Vista Brooklin,Brooklin,Alto Padrão,2021-09-01,0,0,34,0.5,1758281.0,0.0
EMP001,Alta Vista Brooklin,Brooklin,Alto Padrão,2021-10-01,0,0,34,0.8,1765547.0,0.0
EMP001,Alta Vista Brooklin,Brooklin,Alto Padrão,2021-11-01,0,0,34,0.51,1772812.0,0.0
EMP001,Alta Vista Brooklin,Brooklin,Alto Padrão,2021-12-01,0,0,34,0.5,1780078.0,0.0
EMP002,Insígnia Campo Belo,Campo Belo,Alto Padrão,2019-05-01,15,0,96,15.89,1479167.0,22187500.0
EMP002,Insígnia Campo Belo,Campo Belo,Alto Padrão,2019-06-01,11,0,81,13.52,1486562.0,16352188.0
EMP002,Insígnia Campo Belo,Campo Belo,Alto Padrão,2019-07-01,8,0,70,11.58,1493958.0,11951667.0
EMP002,Insígnia Campo Belo,Campo Belo,Alto Padrão,2019-08-01,7,0,62,11.04,1501354.0,10509479.0
EMP002,Insígnia Campo Belo,Campo Belo,Alto Padrão,2019-09-01,5,0,55,8.76,1508750.0,7543750.0
EMP002,Insígnia Campo Belo,Campo Belo,Alto Padrão,2019-10-01,4,0,50,8.29,1516146.0,6064583.0
EMP002,Insígnia Campo Belo,Campo Belo,Alto Padrão,2019-11-01,3,0,46,6.86,1523542.0,4570625.0
EMP002,Insígnia Campo Belo,Campo Belo,Alto Padrão,2019-12-01,3,0,43,6.2,1530938.0,4592812.0
EMP002,Insígnia Campo Belo,Campo Belo,Alto Padrão,2020-01-01,2,0,40,4.99,1538333.0,3076667.0
EMP002,Insígnia Campo Belo,Campo Belo,Alto Padrão,2020-02-01,2,0,38,4.44,1545729.0,3091458.0
EMP002,Insígnia Campo Belo,Campo Belo,Alto Padrão,2020-03-01,1,0,36,3.74,1553125.0,1553125.0
EMP002,Insígnia Campo Belo,Campo Belo,Alto Padrão,2020-04-01,1,0,35,2.81,1560521.0,1560521.0
EMP002,Insígnia Campo Belo,Campo Belo,Alto Padrão,2020-05-01,1,0,34,3.18,1567917.0,1567917.0
EMP002,Insígnia Campo Belo,Campo Belo,Alto Padrão,2020-06-01,1,0,33,2.15,1575312.0,1575312.0
EMP002,Insígnia Campo Belo,Campo Belo,Alto Padrão,2020-07-01,0,0,32,1.45,1582708.0,0.0
EMP002,Insígnia Campo Belo,Campo Belo,Alto Padrão,2020-08-01,1,0,32,2.12,1590104.0,1590104.0
EMP002,Insígnia Campo Belo,Campo Belo,Alto Padrão,2020-09-01,0,0,31,1.18,1597500.0,0.0
EMP002,Insígnia Campo Belo,Campo Belo,Alto Padrão,2020-10-01,1,0,31,2.13,1604896.0,1604896.0
EMP002,Insígnia Campo Belo,Campo Belo,Alto Padrão,2020-11-01,1,0,30,1.98,1612292.0,1612292.0
EMP002,Insígnia Campo Belo,Campo Belo,Alto Padrão,2020-12-01,1,0,29,1.77,1619688.0,1619688.0
EMP002,Insígnia Campo Belo,Campo Belo,Alto Padrão,2021-01-01,0,0,28,0.83,1627083.0,0.0
EMP002,Insígnia Campo Belo,Campo Belo,Alto Padrão,2021-02-01,0,0,28,0.5,1634479.0,0.0
EMP002,Insígnia Campo Belo,Campo Belo,Alto Padrão,2021-03-01,0,0,28,1.47,1641875.0,0.0
EMP002,Insígnia Campo Belo,Campo Belo,Alto Padrão,2021-04-01,0,0,28,0.64,1649271.0,0.0
EMP002,Insígnia Campo Belo,Campo Belo,Alto Padrão,2021-05-01,0,0,28,1.37,1656667.0,0.0
EMP002,Insígnia Campo Belo,Campo Belo,Alto Padrão,2021-06-01,0,0,28,1.31,1664062.0,0.0
EMP002,Insígnia Campo Belo,Campo Belo,Alto Padrão,2021-07-01,0,0,28,1.09,1671458.0,0.0
EMP002,Insígnia Campo Belo,Campo Belo,Alto Padrão,2021-08-01,0,0,28,0.5,1678854.0,0.0
EMP002,Insígnia Campo Belo,Campo Belo,Alto Padrão,2021-09-01,0,0,28,0.5,1686250.0,0.0
EMP002,Insígnia Campo Belo,Campo Belo,Alto Padrão,2021-10-01,0,0,28,0.98,1693646.0,0.0
EMP002,Insígnia Campo Belo,Campo Belo,Alto Padrão,2021-11-01,0,0,28,0.5,1701042.0,0.0
EMP002,Insígnia Campo Belo,Campo Belo,Alto Padrão,2021-12-01,0,0,28,0.5,1708438.0,0.0
EMP002,Insígnia Campo Belo,Campo Belo,Alto Padrão,2022-01-01,0,0,28,0.5,1715833.0,0.0
EMP002,Insígnia Campo Belo,Campo Belo,Alto Padrão,2022-02-01,0,0,28,1.01,1723229.0,0.0
EMP002,Insígnia Campo Belo,Campo Belo,Alto Padrão,2022-03-01,0,0,28,0.64,1730625.0,0.0
EMP002,Insígnia Campo Belo,Campo Belo,Alto Padrão,2022-04-01,0,0,28,0.5,1738021.0,0.0
EMP002,Insígnia Campo Belo,Campo Belo,Alto Padrão,2022-05-01,0,0,28,0.5,1745417.0,0.0
EMP002,Insígnia Campo Belo,Campo Belo,Alto Padrão,2022-06-01,0,0,28,0.5,1752813.0,0.0
EMP002,Insígnia Campo Belo,Campo Belo,Alto Padrão,2022-07-01,0,0,28,1.04,1760208.0,0.0
EMP002,Insígnia Campo Belo,Campo Belo,Alto Padrão,2022-08-01,0,0,28,0.5,1767604.0,0.0
EMP002,Insígnia Campo Belo,Campo Belo,Alto Padrão,2022-09-01,0,0,28,0.5,1775000.0,0.0
EMP002,Insígnia Campo Belo,Campo Belo,Alto Padrão,2022-10-01,0,0,28,0.85,1782396.0,0.0
EMP002,Insígnia Campo Belo,Campo Belo,Alto Padrão,2022-11-01,0,0,28,0.64,1789792.0,0.0
EMP002,Insígnia Campo Belo,Campo Belo,Alto Padrão,2022-12-01,0,0,28,0.57,1797188.0,0.0
EMP002,Insígnia Campo Belo,Campo Belo,Alto Padrão,2023-01-01,0,0,28,0.57,1804583.0,0.0
EMP002,Insígnia Campo Belo,Campo Belo,Alto Padrão,2023-02-01,0,0,28,0.5,1811979.0,0.0
EMP002,Insígnia Campo Belo,Campo Belo,Alto Padrão,2023-03-01,0,0,28,0.5,1819375.0,0.0
EMP003,Verdi Alto de Pinheiros,Pinheiros,Premium,2019-08-01,4,0,16,26.81,4250000.0,17000000.0
EMP003,Verdi Alto de Pinheiros,Pinheiros,Premium,2019-09-01,3,0,12,23.76,4271250.0,12813750.0
EMP003,Verdi Alto de Pinheiros,Pinheiros,Premium,2019-10-01,2,0,9,21.08,4292500.0,8585000.0
EMP003,Verdi Alto de Pinheiros,Pinheiros,Premium,2019-11-01,1,0,7,18.05,4313750.0,4313750.0
EMP003,Verdi Alto de Pinheiros,Pinheiros,Premium,2019-12-01,1,0,6,15.9,4335000.0,4335000.0
EMP003,Verdi Alto de Pinheiros,Pinheiros,Premium,2020-01-01,1,0,5,14.47,4356250.0,4356250.0
EMP003,Verdi Alto de Pinheiros,Pinheiros,Premium,2020-02-01,1,0,4,12.59,4377500.0,4377500.0
EMP003,Verdi Alto de Pinheiros,Pinheiros,Premium,2020-03-01,0,0,3,11.22,4398750.0,0.0
EMP003,Verdi Alto de Pinheiros,Pinheiros,Premium,2020-04-01,0,0,3,10.08,4420000.0,0.0
EMP003,Verdi Alto de Pinheiros,Pinheiros,Premium,2020-05-01,0,0,3,9.09,4441250.0,0.0
EMP003,Verdi Alto de Pinheiros,Pinheiros,Premium,2020-06-01,0,0,3,7.27,4462500.0,0.0
EMP003,Verdi Alto de Pinheiros,Pinheiros,Premium,2020-07-01,0,0,3,6.46,4483750.0,0.0
EMP003,Verdi Alto de Pinheiros,Pinheiros,Premium,2020-08-01,0,0,3,5.27,4505000.0,0.0
EMP003,Verdi Alto de Pinheiros,Pinheiros,Premium,2020-09-01,0,0,3,5.32,4526250.0,0.0
EMP003,Verdi Alto de Pinheiros,Pinheiros,Premium,2020-10-01,0,0,3,3.91,4547500.0,0.0
EMP003,Verdi Alto de Pinheiros,Pinheiros,Premium,2020-11-01,0,0,3,4.03,4568750.0,0.0
EMP003,Verdi Alto de Pinheiros,Pinheiros,Premium,2020-12-01,0,0,3,3.69,4590000.0,0.0
EMP003,Verdi Alto de Pinheiros,Pinheiros,Premium,2021-01-01,0,0,3,2.9,4611250.0,0.0
EMP003,Verdi Alto de Pinheiros,Pinheiros,Premium,2021-02-01,0,0,3,3.0,4632500.0,0.0
EMP003,Verdi Alto de Pinheiros,Pinheiros,Premium,2021-03-01,0,0,3,1.85,4653750.0,0.0
EMP003,Verdi Alto de Pinheiros,Pinheiros,Premium,2021-04-01,0,0,3,1.58,4675000.0,0.0
EMP003,Verdi Alto de Pinheiros,Pinheiros,Premium,2021-05-01,0,0,3,2.51,4696250.0,0.0
EMP003,Verdi Alto de Pinheiros,Pinheiros,Premium,2021-06-01,0,0,3,1.61,4717500.0,0.0
EMP003,Verdi Alto de Pinheiros,Pinheiros,Premium,2021-07-01,0,0,3,1.07,4738750.0,0.0
EMP003,Verdi Alto de Pinheiros,Pinheiros,Premium,2021-08-01,0,0,3,1.5,4760000.0,0.0
EMP003,Verdi Alto de Pinheiros,Pinheiros,Premium,2021-09-01,0,0,3,1.72,4781250.0,0.0
EMP003,Verdi Alto de Pinheiros,Pinheiros,Premium,2021-10-01,0,0,3,0.76,4802500.0,0.0
EMP003,Verdi Alto de Pinheiros,Pinheiros,Premium,2021-11-01,0,0,3,1.26,4823750.0,0.0
EMP003,Verdi Alto de Pinheiros,Pinheiros,Premium,2021-12-01,0,0,3,0.5,4845000.0,0.0
EMP003,Verdi Alto de Pinheiros,Pinheiros,Premium,2022-01-01,0,0,3,0.5,4866250.0,0.0
EMP003,Verdi Alto de Pinheiros,Pinheiros,Premium,2022-02-01,0,0,3,0.86,4887500.0,0.0
EMP003,Verdi Alto de Pinheiros,Pinheiros,Premium,2022-03-01,0,0,3,0.81,4908750.0,0.0
EMP003,Verdi Alto de Pinheiros,Pinheiros,Premium,2022-04-01,0,0,3,0.89,4930000.0,0.0
EMP003,Verdi Alto de Pinheiros,Pinheiros,Premium,2022-05-01,0,0,3,0.97,4951250.0,0.0
EMP003,Verdi Alto de Pinheiros,Pinheiros,Premium,2022-06-01,0,0,3,1.3,4972500.0,0.0
EMP003,Verdi Alto de Pinheiros,Pinheiros,Premium,2022-07-01,0,0,3,0.57,4993750.0,0.0
EMP003,Verdi Alto de Pinheiros,Pinheiros,Premium,2022-08-01,0,0,3,0.5,5015000.0,0.0
EMP003,Verdi Alto de Pinheiros,Pinheiros,Premium,2022-09-01,0,0,3,0.92,5036250.0,0.0
EMP003,Verdi Alto de Pinheiros,Pinheiros,Premium,2022-10-01,0,0,3,0.5,5057500.0,0.0
EMP003,Verdi Alto de Pinheiros,Pinheiros,Premium,2022-11-01,0,0,3,0.5,5078750.0,0.0
EMP003,Verdi Alto de Pinheiros,Pinheiros,Premium,2022-12-01,0,0,3,0.5,5100000.0,0.0
EMP003,Verdi Alto de Pinheiros,Pinheiros,Premium,2023-01-01,0,0,3,0.5,5121250.0,0.0
EMP003,Verdi Alto de Pinheiros,Pinheiros,Premium,2023-02-01,0,0,3,1.07,5142500.0,0.0
EMP003,Verdi Alto de Pinheiros,Pinheiros,Premium,2023-03-01,0,0,3,0.86,5163750.0,0.0
EMP003,Verdi Alto de Pinheiros,Pinheiros,Premium,2023-04-01,0,0,3,0.64,5185000.0,0.0
EMP003,Verdi Alto de Pinheiros,Pinheiros,Premium,2023-05-01,0,0,3,0.5,5206250.0,0.0
EMP003,Verdi Alto de Pinheiros,Pinheiros,Premium,2023-06-01,0,0,3,0.5,5227500.0,0.0
EMP004,Inside Brooklin I,Brooklin,Smart,2020-02-01,26,0,120,21.44,450000.0,11700000.0
EMP004,Inside Brooklin I,Brooklin,Smart,2020-03-01,19,0,94,19.73,452250.0,8592750.0
EMP004,Inside Brooklin I,Brooklin,Smart,2020-04-01,14,0,75,18.04,454500.0,6363000.0
EMP004,Inside Brooklin I,Brooklin,Smart,2020-05-01,10,0,61,16.21,456750.0,4567500.0
EMP004,Inside Brooklin I,Brooklin,Smart,2020-06-01,7,0,51,14.07,459000.0,3213000.0
EMP004,Inside Brooklin I,Brooklin,Smart,2020-07-01,6,0,44,13.67,461250.0,2767500.0
EMP004,Inside Brooklin I,Brooklin,Smart,2020-08-01,5,0,38,12.07,463500.0,2317500.0
EMP004,Inside Brooklin I,Brooklin,Smart,2020-09-01,4,0,33,10.65,465750.0,1863000.0
EMP004,Inside Brooklin I,Brooklin,Smart,2020-10-01,3,0,29,9.7,468000.0,1404000.0
EMP004,Inside Brooklin I,Brooklin,Smart,2020-11-01,2,0,26,8.48,470250.0,940500.0
EMP004,Inside Brooklin I,Brooklin,Smart,2020-12-01,2,0,24,7.39,472500.0,945000.0
EMP004,Inside Brooklin I,Brooklin,Smart,2021-01-01,1,0,22,6.8,474750.0,474750.0
EMP004,Inside Brooklin I,Brooklin,Smart,2021-02-01,1,0,21,6.73,477000.0,477000.0
EMP004,Inside Brooklin I,Brooklin,Smart,2021-03-01,1,0,20,5.0,479250.0,479250.0
EMP004,Inside Brooklin I,Brooklin,Smart,2021-04-01,1,0,19,4.61,481500.0,481500.0
EMP004,Inside Brooklin I,Brooklin,Smart,2021-05-01,1,0,18,4.01,483750.0,483750.0
EMP004,Inside Brooklin I,Brooklin,Smart,2021-06-01,1,0,17,3.56,486000.0,486000.0
EMP004,Inside Brooklin I,Brooklin,Smart,2021-07-01,1,0,16,4.38,488250.0,488250.0
EMP004,Inside Brooklin I,Brooklin,Smart,2021-08-01,1,0,15,3.79,490500.0,490500.0
EMP004,Inside Brooklin I,Brooklin,Smart,2021-09-01,0,0,14,3.12,492750.0,0.0
EMP004,Inside Brooklin I,Brooklin,Smart,2021-10-01,0,0,14,2.27,495000.0,0.0
EMP004,Inside Brooklin I,Brooklin,Smart,2021-11-01,0,0,14,2.6,497250.0,0.0
EMP004,Inside Brooklin I,Brooklin,Smart,2021-12-01,0,0,14,2.33,499500.0,0.0
EMP004,Inside Brooklin I,Brooklin,Smart,2022-01-01,0,0,14,1.67,501750.0,0.0
EMP004,Inside Brooklin I,Brooklin,Smart,2022-02-01,0,0,14,1.87,504000.0,0.0
EMP004,Inside Brooklin I,Brooklin,Smart,2022-03-01,0,0,14,1.65,506250.0,0.0
EMP004,Inside Brooklin I,Brooklin,Smart,2022-04-01,0,0,14,1.82,508500.0,0.0
EMP004,Inside Brooklin I,Brooklin,Smart,2022-05-01,0,0,14,1.71,510750.0,0.0
EMP004,Inside Brooklin I,Brooklin,Smart,2022-06-01,0,0,14,0.7,513000.0,0.0
EMP004,Inside Brooklin I,Brooklin,Smart,2022-07-01,0,0,14,1.08,515250.0,0.0
EMP004,Inside Brooklin I,Brooklin,Smart,2022-08-01,0,0,14,1.35,517500.0,0.0
EMP004,Inside Brooklin I,Brooklin,Smart,2022-09-01,0,0,14,1.08,519750.0,0.0
EMP004,Inside Brooklin I,Brooklin,Smart,2022-10-01,0,0,14,1.53,522000.0,0.0
EMP004,Inside Brooklin I,Brooklin,Smart,2022-11-01,0,0,14,1.15,524250.0,0.0
EMP004,Inside Brooklin I,Brooklin,Smart,2022-12-01,0,0,14,0.5,526500.0,0.0
EMP004,Inside Brooklin I,Brooklin,Smart,2023-01-01,0,0,14,0.5,528750.0,0.0
EMP004,Inside Brooklin I,Brooklin,Smart,2023-02-01,0,0,14,0.95,531000.0,0.0
EMP004,Inside Brooklin I,Brooklin,Smart,2023-03-01,0,0,14,0.5,533250.0,0.0
EMP004,Inside Brooklin I,Brooklin,Smart,2023-04-01,0,0,14,0.77,535500.0,0.0
EMP004,Inside Brooklin I,Brooklin,Smart,2023-05-01,0,0,14,1.26,537750.0,0.0
EMP004,Inside Brooklin I,Brooklin,Smart,2023-06-01,0,0,14,0.68,540000.0,0.0
EMP004,Inside Brooklin I,Brooklin,Smart,2023-07-01,0,0,14,0.5,542250.0,0.0
EMP004,Inside Brooklin I,Brooklin,Smart,2023-08-01,0,0,14,0.72,544500.0,0.0
EMP004,Inside Brooklin I,Brooklin,Smart,2023-09-01,0,0,14,0.5,546750.0,0.0
EMP005,Insígnia Mooca,Mooca,Alto Padrão,2020-06-01,15,0,72,20.82,1361111.0,20416667.0
EMP005,Insígnia Mooca,Mooca,Alto Padrão,2020-07-01,10,0,57,17.2,1367917.0,13679167.0
EMP005,Insígnia Mooca,Mooca,Alto Padrão,2020-08-01,7,0,47,15.67,1374722.0,9623056.0
EMP005,Insígnia Mooca,Mooca,Alto Padrão,2020-09-01,5,0,40,13.52,1381528.0,6907639.0
EMP005,Insígnia Mooca,Mooca,Alto Padrão,2020-10-01,4,0,35,10.68,1388333.0,5553333.0
EMP005,Insígnia Mooca,Mooca,Alto Padrão,2020-11-01,3,0,31,8.97,1395139.0,4185417.0
EMP005,Insígnia Mooca,Mooca,Alto Padrão,2020-12-01,2,0,28,7.71,1401944.0,2803889.0
EMP005,Insígnia Mooca,Mooca,Alto Padrão,2021-01-01,2,0,26,6.45,1408750.0,2817500.0
EMP005,Insígnia Mooca,Mooca,Alto Padrão,2021-02-01,1,0,24,5.6,1415556.0,1415556.0
EMP005,Insígnia Mooca,Mooca,Alto Padrão,2021-03-01,1,0,23,5.65,1422361.0,1422361.0
EMP005,Insígnia Mooca,Mooca,Alto Padrão,2021-04-01,1,0,22,4.01,1429167.0,1429167.0
EMP005,Insígnia Mooca,Mooca,Alto Padrão,2021-05-01,1,0,21,3.77,1435972.0,1435972.0
EMP005,Insígnia Mooca,Mooca,Alto Padrão,2021-06-01,1,0,20,4.03,1442778.0,1442778.0
EMP005,Insígnia Mooca,Mooca,Alto Padrão,2021-07-01,0,0,19,2.34,1449583.0,0.0
EMP005,Insígnia Mooca,Mooca,Alto Padrão,2021-08-01,1,0,19,3.13,1456389.0,1456389.0
EMP005,Insígnia Mooca,Mooca,Alto Padrão,2021-09-01,0,0,18,2.0,1463194.0,0.0
EMP005,Insígnia Mooca,Mooca,Alto Padrão,2021-10-01,0,0,18,1.46,1470000.0,0.0
EMP005,Insígnia Mooca,Mooca,Alto Padrão,2021-11-01,0,0,18,2.08,1476806.0,0.0
EMP005,Insígnia Mooca,Mooca,Alto Padrão,2021-12-01,0,0,18,1.76,1483611.0,0.0
EMP005,Insígnia Mooca,Mooca,Alto Padrão,2022-01-01,0,0,18,1.95,1490417.0,0.0
EMP005,Insígnia Mooca,Mooca,Alto Padrão,2022-02-01,0,0,18,1.58,1497222.0,0.0
EMP005,Insígnia Mooca,Mooca,Alto Padrão,2022-03-01,0,0,18,1.54,1504028.0,0.0
EMP005,Insígnia Mooca,Mooca,Alto Padrão,2022-04-01,0,0,18,0.64,1510833.0,0.0
EMP005,Insígnia Mooca,Mooca,Alto Padrão,2022-05-01,0,0,18,0.5,1517639.0,0.0
EMP005,Insígnia Mooca,Mooca,Alto Padrão,2022-06-01,0,0,18,1.16,1524444.0,0.0
EMP005,Insígnia Mooca,Mooca,Alto Padrão,2022-07-01,0,0,18,1.17,1531250.0,0.0
EMP005,Insígnia Mooca,Mooca,Alto Padrão,2022-08-01,0,0,18,1.38,1538056.0,0.0
EMP005,Insígnia Mooca,Mooca,Alto Padrão,2022-09-01,0,0,18,0.5,1544861.0,0.0
EMP005,Insígnia Mooca,Mooca,Alto Padrão,2022-10-01,0,0,18,0.5,1551667.0,0.0
EMP005,Insígnia Mooca,Mooca,Alto Padrão,2022-11-01,0,0,18,0.92,1558472.0,0.0
EMP005,Insígnia Mooca,Mooca,Alto Padrão,2022-12-01,0,0,18,0.5,1565278.0,0.0
EMP005,Insígnia Mooca,Mooca,Alto Padrão,2023-01-01,0,0,18,1.08,1572083.0,0.0
EMP005,Insígnia Mooca,Mooca,Alto Padrão,2023-02-01,0,0,18,0.95,1578889.0,0.0
EMP005,Insígnia Mooca,Mooca,Alto Padrão,2023-03-01,0,0,18,0.5,1585694.0,0.0
EMP005,Insígnia Mooca,Mooca,Alto Padrão,2023-04-01,0,0,18,0.74,1592500.0,0.0
EMP005,Insígnia Mooca,Mooca,Alto Padrão,2023-05-01,0,0,18,0.73,1599306.0,0.0
EMP005,Insígnia Mooca,Mooca,Alto Padrão,2023-06-01,0,0,18,0.5,1606111.0,0.0
EMP005,Insígnia Mooca,Mooca,Alto Padrão,2023-07-01,0,0,18,0.93,1612917.0,0.0
EMP005,Insígnia Mooca,Mooca,Alto Padrão,2023-08-01,0,0,18,0.5,1619722.0,0.0
EMP005,Insígnia Mooca,Mooca,Alto Padrão,2023-09-01,0,0,18,0.8,1626528.0,0.0
EMP005,Insígnia Mooca,Mooca,Alto Padrão,2023-10-01,0,0,18,0.5,1633333.0,0.0
EMP005,Insígnia Mooca,Mooca,Alto Padrão,2023-11-01,0,0,18,0.88,1640139.0,0.0
EMP005,Insígnia Mooca,Mooca,Alto Padrão,2023-12-01,0,0,18,0.5,1646944.0,0.0
EMP005,Insígnia Mooca,Mooca,Alto Padrão,2024-01-01,0,0,18,0.5,1653750.0,0.0
EMP005,Insígnia Mooca,Mooca,Alto Padrão,2024-02-01,0,0,18,0.88,1660556.0,0.0
EMP006,Reserva Chácara Klabin,Chácara Klabin,Alto Padrão,2020-10-01,13,0,84,15.8,1404762.0,18261905.0
EMP006,Reserva Chácara Klabin,Chácara Klabin,Alto Padrão,2020-11-01,10,0,71,14.53,1411786.0,14117857.0
EMP006,Reserva Chácara Klabin,Chácara Klabin,Alto Padrão,2020-12-01,8,0,61,12.63,1418810.0,11350476.0
EMP006,Reserva Chácara Klabin,Chácara Klabin,Alto Padrão,2021-01-01,6,0,53,10.42,1425833.0,8555000.0
EMP006,Reserva Chácara Klabin,Chácara Klabin,Alto Padrão,2021-02-01,4,0,47,9.1,1432857.0,5731429.0
EMP006,Reserva Chácara Klabin,Chácara Klabin,Alto Padrão,2021-03-01,3,0,43,7.62,1439881.0,4319643.0
EMP006,Reserva Chácara Klabin,Chácara Klabin,Alto Padrão,2021-04-01,3,0,40,6.34,1446905.0,4340714.0
EMP006,Reserva Chácara Klabin,Chácara Klabin,Alto Padrão,2021-05-01,2,0,37,5.5,1453929.0,2907857.0
EMP006,Reserva Chácara Klabin,Chácara Klabin,Alto Padrão,2021-06-01,2,0,35,5.24,1460952.0,2921905.0
EMP006,Reserva Chácara Klabin,Chácara Klabin,Alto Padrão,2021-07-01,2,0,33,4.7,1467976.0,2935952.0
EMP006,Reserva Chácara Klabin,Chácara Klabin,Alto Padrão,2021-08-01,1,0,31,4.19,1475000.0,1475000.0
EMP006,Reserva Chácara Klabin,Chácara Klabin,Alto Padrão,2021-09-01,1,0,30,3.7,1482024.0,1482024.0
EMP006,Reserva Chácara Klabin,Chácara Klabin,Alto Padrão,2021-10-01,1,0,29,2.23,1489048.0,1489048.0
EMP006,Reserva Chácara Klabin,Chácara Klabin,Alto Padrão,2021-11-01,1,0,28,2.47,1496071.0,1496071.0
EMP006,Reserva Chácara Klabin,Chácara Klabin,Alto Padrão,2021-12-01,0,0,27,1.5,1503095.0,0.0
EMP006,Reserva Chácara Klabin,Chácara Klabin,Alto Padrão,2022-01-01,1,0,27,1.97,1510119.0,1510119.0
EMP006,Reserva Chácara Klabin,Chácara Klabin,Alto Padrão,2022-02-01,0,0,26,1.58,1517143.0,0.0
EMP006,Reserva Chácara Klabin,Chácara Klabin,Alto Padrão,2022-03-01,1,0,26,2.05,1524167.0,1524167.0
EMP006,Reserva Chácara Klabin,Chácara Klabin,Alto Padrão,2022-04-01,0,0,25,1.07,1531190.0,0.0
EMP006,Reserva Chácara Klabin,Chácara Klabin,Alto Padrão,2022-05-01,0,0,25,0.58,1538214.0,0.0
EMP006,Reserva Chácara Klabin,Chácara Klabin,Alto Padrão,2022-06-01,0,0,25,0.5,1545238.0,0.0
EMP006,Reserva Chácara Klabin,Chácara Klabin,Alto Padrão,2022-07-01,0,0,25,1.31,1552262.0,0.0
EMP006,Reserva Chácara Klabin,Chácara Klabin,Alto Padrão,2022-08-01,0,0,25,1.0,1559286.0,0.0
EMP006,Reserva Chácara Klabin,Chácara Klabin,Alto Padrão,2022-09-01,0,0,25,0.5,1566310.0,0.0
EMP006,Reserva Chácara Klabin,Chácara Klabin,Alto Padrão,2022-10-01,0,0,25,0.5,1573333.0,0.0
EMP006,Reserva Chácara Klabin,Chácara Klabin,Alto Padrão,2022-11-01,0,0,25,0.92,1580357.0,0.0
EMP006,Reserva Chácara Klabin,Chácara Klabin,Alto Padrão,2022-12-01,0,0,25,0.5,1587381.0,0.0
EMP006,Reserva Chácara Klabin,Chácara Klabin,Alto Padrão,2023-01-01,0,0,25,1.0,1594405.0,0.0
EMP006,Reserva Chácara Klabin,Chácara Klabin,Alto Padrão,2023-02-01,0,0,25,0.79,1601429.0,0.0
EMP006,Reserva Chácara Klabin,Chácara Klabin,Alto Padrão,2023-03-01,0,0,25,0.5,1608452.0,0.0
EMP006,Reserva Chácara Klabin,Chácara Klabin,Alto Padrão,2023-04-01,0,0,25,0.5,1615476.0,0.0
EMP006,Reserva Chácara Klabin,Chácara Klabin,Alto Padrão,2023-05-01,0,0,25,1.13,1622500.0,0.0
EMP006,Reserva Chácara Klabin,Chácara Klabin,Alto Padrão,2023-06-01,0,0,25,0.5,1629524.0,0.0
EMP006,Reserva Chácara Klabin,Chácara Klabin,Alto Padrão,2023-07-01,0,0,25,0.5,1636548.0,0.0
EMP006,Reserva Chácara Klabin,Chácara Klabin,Alto Padrão,2023-08-01,0,0,25,0.81,1643571.0,0.0
EMP006,Reserva Chácara Klabin,Chácara Klabin,Alto Padrão,2023-09-01,0,0,25,1.0,1650595.0,0.0
EMP006,Reserva Chácara Klabin,Chácara Klabin,Alto Padrão,2023-10-01,0,0,25,1.05,1657619.0,0.0
EMP006,Reserva Chácara Klabin,Chácara Klabin,Alto Padrão,2023-11-01,0,0,25,0.69,1664643.0,0.0
EMP006,Reserva Chácara Klabin,Chácara Klabin,Alto Padrão,2023-12-01,0,0,25,0.5,1671667.0,0.0
EMP006,Reserva Chácara Klabin,Chácara Klabin,Alto Padrão,2024-01-01,0,0,25,0.5,1678690.0,0.0
EMP006,Reserva Chácara Klabin,Chácara Klabin,Alto Padrão,2024-02-01,0,0,25,0.7,1685714.0,0.0
EMP006,Reserva Chácara Klabin,Chácara Klabin,Alto Padrão,2024-03-01,0,0,25,0.5,1692738.0,0.0
EMP006,Reserva Chácara Klabin,Chácara Klabin,Alto Padrão,2024-04-01,0,0,25,0.5,1699762.0,0.0
EMP006,Reserva Chácara Klabin,Chácara Klabin,Alto Padrão,2024-05-01,0,0,25,0.88,1706786.0,0.0
EMP006,Reserva Chácara Klabin,Chácara Klabin,Alto Padrão,2024-06-01,0,0,25,0.5,1713810.0,0.0
EMP006,Reserva Chácara Klabin,Chácara Klabin,Alto Padrão,2024-07-01,0,0,25,0.5,1720833.0,0.0
EMP007,Classic Santana,Santana,Alto Padrão,2021-01-01,9,0,60,15.31,1266667.0,11400000.0
EMP007,Classic Santana,Santana,Alto Padrão,2021-02-01,6,0,51,12.57,1273000.0,7638000.0
EMP007,Classic Santana,Santana,Alto Padrão,2021-03-01,5,0,45,10.85,1279333.0,6396667.0
EMP007,Classic Santana,Santana,Alto Padrão,2021-04-01,4,0,40,9.28,1285667.0,5142667.0
EMP007,Classic Santana,Santana,Alto Padrão,2021-05-01,3,0,36,8.73,1292000.0,3876000.0
EMP007,Classic Santana,Santana,Alto Padrão,2021-06-01,3,0,33,7.72,1298333.0,3895000.0
EMP007,Classic Santana,Santana,Alto Padrão,2021-07-01,2,0,30,6.48,1304667.0,2609333.0
EMP007,Classic Santana,Santana,Alto Padrão,2021-08-01,2,0,28,6.2,1311000.0,2622000.0
EMP007,Classic Santana,Santana,Alto Padrão,2021-09-01,1,0,26,4.58,1317333.0,1317333.0
EMP007,Classic Santana,Santana,Alto Padrão,2021-10-01,1,0,25,3.81,1323667.0,1323667.0
EMP007,Classic Santana,Santana,Alto Padrão,2021-11-01,1,0,24,4.15,1330000.0,1330000.0
EMP007,Classic Santana,Santana,Alto Padrão,2021-12-01,1,0,23,2.71,1336333.0,1336333.0
EMP007,Classic Santana,Santana,Alto Padrão,2022-01-01,1,0,22,3.42,1342667.0,1342667.0
EMP007,Classic Santana,Santana,Alto Padrão,2022-02-01,0,0,21,1.64,1349000.0,0.0
EMP007,Classic Santana,Santana,Alto Padrão,2022-03-01,1,0,21,2.78,1355333.0,1355333.0
EMP007,Classic Santana,Santana,Alto Padrão,2022-04-01,0,0,20,1.14,1361667.0,0.0
EMP007,Classic Santana,Santana,Alto Padrão,2022-05-01,0,0,20,2.19,1368000.0,0.0
EMP007,Classic Santana,Santana,Alto Padrão,2022-06-01,0,0,20,1.45,1374333.0,0.0
EMP007,Classic Santana,Santana,Alto Padrão,2022-07-01,0,0,20,1.99,1380667.0,0.0
EMP007,Classic Santana,Santana,Alto Padrão,2022-08-01,0,0,20,0.5,1387000.0,0.0
EMP007,Classic Santana,Santana,Alto Padrão,2022-09-01,0,0,20,1.07,1393333.0,0.0
EMP007,Classic Santana,Santana,Alto Padrão,2022-10-01,0,0,20,1.59,1399667.0,0.0
EMP007,Classic Santana,Santana,Alto Padrão,2022-11-01,0,0,20,0.83,1406000.0,0.0
EMP007,Classic Santana,Santana,Alto Padrão,2022-12-01,0,0,20,0.91,1412333.0,0.0
EMP007,Classic Santana,Santana,Alto Padrão,2023-01-01,0,0,20,0.95,1418667.0,0.0
EMP007,Classic Santana,Santana,Alto Padrão,2023-02-01,0,0,20,0.53,1425000.0,0.0
EMP007,Classic Santana,Santana,Alto Padrão,2023-03-01,0,0,20,0.74,1431333.0,0.0
EMP007,Classic Santana,Santana,Alto Padrão,2023-04-01,0,0,20,0.63,1437667.0,0.0
EMP007,Classic Santana,Santana,Alto Padrão,2023-05-01,0,0,20,1.07,1444000.0,0.0
EMP007,Classic Santana,Santana,Alto Padrão,2023-06-01,0,0,20,0.5,1450333.0,0.0
EMP007,Classic Santana,Santana,Alto Padrão,2023-07-01,0,0,20,0.5,1456667.0,0.0
EMP007,Classic Santana,Santana,Alto Padrão,2023-08-01,0,0,20,1.07,1463000.0,0.0
EMP007,Classic Santana,Santana,Alto Padrão,2023-09-01,0,0,20,0.96,1469333.0,0.0
EMP007,Classic Santana,Santana,Alto Padrão,2023-10-01,0,0,20,0.5,1475667.0,0.0
EMP007,Classic Santana,Santana,Alto Padrão,2023-11-01,0,0,20,0.52,1482000.0,0.0
EMP007,Classic Santana,Santana,Alto Padrão,2023-12-01,0,0,20,0.5,1488333.0,0.0
EMP007,Classic Santana,Santana,Alto Padrão,2024-01-01,0,0,20,0.5,1494667.0,0.0
EMP007,Classic Santana,Santana,Alto Padrão,2024-02-01,0,0,20,0.5,1501000.0,0.0
EMP007,Classic Santana,Santana,Alto Padrão,2024-03-01,0,0,20,0.5,1507333.0,0.0
EMP007,Classic Santana,Santana,Alto Padrão,2024-04-01,0,0,20,0.5,1513667.0,0.0
EMP007,Classic Santana,Santana,Alto Padrão,2024-05-01,0,0,20,0.5,1520000.0,0.0
EMP007,Classic Santana,Santana,Alto Padrão,2024-06-01,0,0,20,0.99,1526333.0,0.0
EMP007,Classic Santana,Santana,Alto Padrão,2024-07-01,0,0,20,1.01,1532667.0,0.0
EMP007,Classic Santana,Santana,Alto Padrão,2024-08-01,0,0,20,0.57,1539000.0,0.0
EMP007,Classic Santana,Santana,Alto Padrão,2024-09-01,0,0,20,0.5,1545333.0,0.0
EMP007,Classic Santana,Santana,Alto Padrão,2024-10-01,0,0,20,0.5,1551667.0,0.0
EMP008,Infinity Brooklin,Brooklin,Premium,2021-06-01,38,0,144,26.67,1555556.0,59111111.0
EMP008,Infinity Brooklin,Brooklin,Premium,2021-07-01,24,0,106,22.75,1563333.0,37520000.0
EMP008,Infinity Brooklin,Brooklin,Premium,2021-08-01,17,0,82,21.11,1571111.0,26708889.0
EMP008,Infinity Brooklin,Brooklin,Premium,2021-09-01,12,0,65,18.55,1578889.0,18946667.0
EMP008,Infinity Brooklin,Brooklin,Premium,2021-10-01,9,0,53,16.6,1586667.0,14280000.0
EMP008,Infinity Brooklin,Brooklin,Premium,2021-11-01,6,0,44,14.38,1594444.0,9566667.0
EMP008,Infinity Brooklin,Brooklin,Premium,2021-12-01,5,0,38,12.56,1602222.0,8011111.0
EMP008,Infinity Brooklin,Brooklin,Premium,2022-01-01,4,0,33,10.81,1610000.0,6440000.0
EMP008,Infinity Brooklin,Brooklin,Premium,2022-02-01,3,0,29,10.3,1617778.0,4853333.0
EMP008,Infinity Brooklin,Brooklin,Premium,2022-03-01,2,0,26,9.07,1625556.0,3251111.0
EMP008,Infinity Brooklin,Brooklin,Premium,2022-04-01,2,0,24,6.85,1633333.0,3266667.0
EMP008,Infinity Brooklin,Brooklin,Premium,2022-05-01,1,0,22,5.95,1641111.0,1641111.0
EMP008,Infinity Brooklin,Brooklin,Premium,2022-06-01,1,0,21,5.7,1648889.0,1648889.0
EMP008,Infinity Brooklin,Brooklin,Premium,2022-07-01,1,0,20,5.68,1656667.0,1656667.0
EMP008,Infinity Brooklin,Brooklin,Premium,2022-08-01,1,0,19,5.35,1664444.0,1664444.0
EMP008,Infinity Brooklin,Brooklin,Premium,2022-09-01,1,1,18,3.57,1672222.0,1672222.0
EMP008,Infinity Brooklin,Brooklin,Premium,2022-10-01,1,1,18,3.77,1680000.0,1680000.0
EMP008,Infinity Brooklin,Brooklin,Premium,2022-11-01,1,1,18,3.05,1687778.0,1687778.0
EMP008,Infinity Brooklin,Brooklin,Premium,2022-12-01,1,1,18,3.57,1695556.0,1695556.0
EMP008,Infinity Brooklin,Brooklin,Premium,2023-01-01,1,0,18,3.07,1703333.0,1703333.0
EMP008,Infinity Brooklin,Brooklin,Premium,2023-02-01,0,0,17,2.78,1711111.0,0.0
EMP008,Infinity Brooklin,Brooklin,Premium,2023-03-01,0,0,17,1.99,1718889.0,0.0
EMP008,Infinity Brooklin,Brooklin,Premium,2023-04-01,0,0,17,1.69,1726667.0,0.0
EMP008,Infinity Brooklin,Brooklin,Premium,2023-05-01,0,0,17,1.29,1734444.0,0.0
EMP008,Infinity Brooklin,Brooklin,Premium,2023-06-01,0,0,17,0.8,1742222.0,0.0
EMP008,Infinity Brooklin,Brooklin,Premium,2023-07-01,0,0,17,1.87,1750000.0,0.0
EMP008,Infinity Brooklin,Brooklin,Premium,2023-08-01,0,0,17,1.66,1757778.0,0.0
EMP008,Infinity Brooklin,Brooklin,Premium,2023-09-01,0,0,17,1.83,1765556.0,0.0
EMP008,Infinity Brooklin,Brooklin,Premium,2023-10-01,0,0,17,1.72,1773333.0,0.0
EMP008,Infinity Brooklin,Brooklin,Premium,2023-11-01,0,0,17,0.97,1781111.0,0.0
EMP008,Infinity Brooklin,Brooklin,Premium,2023-12-01,0,0,17,1.22,1788889.0,0.0
EMP008,Infinity Brooklin,Brooklin,Premium,2024-01-01,0,0,17,1.41,1796667.0,0.0
EMP008,Infinity Brooklin,Brooklin,Premium,2024-02-01,0,0,17,1.21,1804444.0,0.0
EMP008,Infinity Brooklin,Brooklin,Premium,2024-03-01,0,0,17,0.5,1812222.0,0.0
EMP008,Infinity Brooklin,Brooklin,Premium,2024-04-01,0,0,17,0.51,1820000.0,0.0
EMP008,Infinity Brooklin,Brooklin,Premium,2024-05-01,0,0,17,0.5,1827778.0,0.0
EMP008,Infinity Brooklin,Brooklin,Premium,2024-06-01,0,0,17,1.19,1835556.0,0.0
EMP008,Infinity Brooklin,Brooklin,Premium,2024-07-01,0,0,17,0.64,1843333.0,0.0
EMP008,Infinity Brooklin,Brooklin,Premium,2024-08-01,0,0,17,0.5,1851111.0,0.0
EMP008,Infinity Brooklin,Brooklin,Premium,2024-09-01,0,0,17,0.69,1858889.0,0.0
EMP008,Infinity Brooklin,Brooklin,Premium,2024-10-01,0,0,17,0.58,1866667.0,0.0
EMP008,Infinity Brooklin,Brooklin,Premium,2024-11-01,0,0,17,0.5,1874444.0,0.0
EMP008,Infinity Brooklin,Brooklin,Premium,2024-12-01,0,0,17,0.5,1882222.0,0.0
EMP008,Infinity Brooklin,Brooklin,Premium,2025-01-01,0,0,17,0.61,1890000.0,0.0
EMP008,Infinity Brooklin,Brooklin,Premium,2025-02-01,0,0,17,0.5,1897778.0,0.0
EMP008,Infinity Brooklin,Brooklin,Premium,2025-03-01,0,0,17,0.74,1905556.0,0.0
EMP009,Insígnia Alto da Lapa,Alto da Lapa,Alto Padrão,2022-02-01,22,0,108,20.46,1648148.0,36259259.0
EMP009,Insígnia Alto da Lapa,Alto da Lapa,Alto Padrão,2022-03-01,15,0,86,17.25,1656389.0,24845833.0
EMP009,Insígnia Alto da Lapa,Alto da Lapa,Alto Padrão,2022-04-01,11,0,71,14.9,1664630.0,18310926.0
EMP009,Insígnia Alto da Lapa,Alto da Lapa,Alto Padrão,2022-05-01,8,0,60,13.33,1672870.0,13382963.0
EMP009,Insígnia Alto da Lapa,Alto da Lapa,Alto Padrão,2022-06-01,6,0,52,10.87,1681111.0,10086667.0
EMP009,Insígnia Alto da Lapa,Alto da Lapa,Alto Padrão,2022-07-01,4,0,46,8.96,1689352.0,6757407.0
EMP009,Insígnia Alto da Lapa,Alto da Lapa,Alto Padrão,2022-08-01,3,0,42,7.51,1697593.0,5092778.0
EMP009,Insígnia Alto da Lapa,Alto da Lapa,Alto Padrão,2022-09-01,3,0,39,7.48,1705833.0,5117500.0
EMP009,Insígnia Alto da Lapa,Alto da Lapa,Alto Padrão,2022-10-01,2,0,36,6.32,1714074.0,3428148.0
EMP009,Insígnia Alto da Lapa,Alto da Lapa,Alto Padrão,2022-11-01,2,0,34,5.62,1722315.0,3444630.0
EMP009,Insígnia Alto da Lapa,Alto da Lapa,Alto Padrão,2022-12-01,1,0,32,4.17,1730556.0,1730556.0
EMP009,Insígnia Alto da Lapa,Alto da Lapa,Alto Padrão,2023-01-01,1,0,31,3.45,1738796.0,1738796.0
EMP009,Insígnia Alto da Lapa,Alto da Lapa,Alto Padrão,2023-02-01,1,0,30,2.74,1747037.0,1747037.0
EMP009,Insígnia Alto da Lapa,Alto da Lapa,Alto Padrão,2023-03-01,1,0,29,2.8,1755278.0,1755278.0
EMP009,Insígnia Alto da Lapa,Alto da Lapa,Alto Padrão,2023-04-01,1,0,28,2.77,1763519.0,1763519.0
EMP009,Insígnia Alto da Lapa,Alto da Lapa,Alto Padrão,2023-05-01,1,0,27,2.14,1771759.0,1771759.0
EMP009,Insígnia Alto da Lapa,Alto da Lapa,Alto Padrão,2023-06-01,0,0,26,1.92,1780000.0,0.0
EMP009,Insígnia Alto da Lapa,Alto da Lapa,Alto Padrão,2023-07-01,1,0,26,2.37,1788241.0,1788241.0
EMP009,Insígnia Alto da Lapa,Alto da Lapa,Alto Padrão,2023-08-01,0,0,25,1.33,1796481.0,0.0
EMP009,Insígnia Alto da Lapa,Alto da Lapa,Alto Padrão,2023-09-01,0,0,25,1.39,1804722.0,0.0
EMP009,Insígnia Alto da Lapa,Alto da Lapa,Alto Padrão,2023-10-01,0,0,25,1.64,1812963.0,0.0
EMP009,Insígnia Alto da Lapa,Alto da Lapa,Alto Padrão,2023-11-01,0,0,25,0.92,1821204.0,0.0
EMP009,Insígnia Alto da Lapa,Alto da Lapa,Alto Padrão,2023-12-01,0,0,25,1.15,1829444.0,0.0
EMP009,Insígnia Alto da Lapa,Alto da Lapa,Alto Padrão,2024-01-01,0,0,25,1.41,1837685.0,0.0
EMP009,Insígnia Alto da Lapa,Alto da Lapa,Alto Padrão,2024-02-01,0,0,25,1.45,1845926.0,0.0
EMP009,Insígnia Alto da Lapa,Alto da Lapa,Alto Padrão,2024-03-01,0,0,25,0.5,1854167.0,0.0
EMP009,Insígnia Alto da Lapa,Alto da Lapa,Alto Padrão,2024-04-01,0,0,25,1.28,1862407.0,0.0
EMP009,Insígnia Alto da Lapa,Alto da Lapa,Alto Padrão,2024-05-01,0,0,25,0.57,1870648.0,0.0
EMP009,Insígnia Alto da Lapa,Alto da Lapa,Alto Padrão,2024-06-01,0,0,25,0.5,1878889.0,0.0
EMP009,Insígnia Alto da Lapa,Alto da Lapa,Alto Padrão,2024-07-01,0,0,25,0.5,1887130.0,0.0
EMP009,Insígnia Alto da Lapa,Alto da Lapa,Alto Padrão,2024-08-01,0,0,25,1.18,1895370.0,0.0
EMP009,Insígnia Alto da Lapa,Alto da Lapa,Alto Padrão,2024-09-01,0,0,25,0.5,1903611.0,0.0
EMP009,Insígnia Alto da Lapa,Alto da Lapa,Alto Padrão,2024-10-01,0,0,25,0.5,1911852.0,0.0
EMP009,Insígnia Alto da Lapa,Alto da Lapa,Alto Padrão,2024-11-01,0,0,25,0.59,1920093.0,0.0
EMP009,Insígnia Alto da Lapa,Alto da Lapa,Alto Padrão,2024-12-01,0,0,25,0.5,1928333.0,0.0
EMP009,Insígnia Alto da Lapa,Alto da Lapa,Alto Padrão,2025-01-01,0,0,25,0.5,1936574.0,0.0
EMP009,Insígnia Alto da Lapa,Alto da Lapa,Alto Padrão,2025-02-01,0,0,25,0.5,1944815.0,0.0
EMP009,Insígnia Alto da Lapa,Alto da Lapa,Alto Padrão,2025-03-01,0,0,25,0.5,1953056.0,0.0
EMP009,Insígnia Alto da Lapa,Alto da Lapa,Alto Padrão,2025-04-01,0,0,25,0.5,1961296.0,0.0
EMP009,Insígnia Alto da Lapa,Alto da Lapa,Alto Padrão,2025-05-01,0,0,25,0.5,1969537.0,0.0
EMP009,Insígnia Alto da Lapa,Alto da Lapa,Alto Padrão,2025-06-01,0,0,25,0.51,1977778.0,0.0
EMP009,Insígnia Alto da Lapa,Alto da Lapa,Alto Padrão,2025-07-01,0,0,25,0.5,1986019.0,0.0
EMP009,Insígnia Alto da Lapa,Alto da Lapa,Alto Padrão,2025-08-01,0,0,25,0.5,1994259.0,0.0
EMP009,Insígnia Alto da Lapa,Alto da Lapa,Alto Padrão,2025-09-01,0,0,25,0.88,2002500.0,0.0
EMP009,Insígnia Alto da Lapa,Alto da Lapa,Alto Padrão,2025-10-01,0,0,25,0.5,2010741.0,0.0
EMP009,Insígnia Alto da Lapa,Alto da Lapa,Alto Padrão,2025-11-01,0,0,25,0.52,2018981.0,0.0
EMP009,Insígnia Alto da Lapa,Alto da Lapa,Alto Padrão,2025-12-01,0,0,25,0.5,2027222.0,0.0
EMP010,Inside Chácara Klabin,Chácara Klabin,Smart,2022-05-01,29,0,136,21.48,455882.0,13220588.0
EMP010,Inside Chácara Klabin,Chácara Klabin,Smart,2022-06-01,21,0,107,19.48,458162.0,9621397.0
EMP010,Inside Chácara Klabin,Chácara Klabin,Smart,2022-07-01,15,0,86,17.68,460441.0,6906618.0
EMP010,Inside Chácara Klabin,Chácara Klabin,Smart,2022-08-01,11,0,71,15.75,462721.0,5089926.0
EMP010,Inside Chácara Klabin,Chácara Klabin,Smart,2022-09-01,8,0,60,14.02,465000.0,3720000.0
EMP010,Inside Chácara Klabin,Chácara Klabin,Smart,2022-10-01,7,0,52,12.63,467279.0,3270956.0
EMP010,Inside Chácara Klabin,Chácara Klabin,Smart,2022-11-01,5,0,45,11.84,469559.0,2347794.0
EMP010,Inside Chácara Klabin,Chácara Klabin,Smart,2022-12-01,4,0,40,10.3,471838.0,1887353.0
EMP010,Inside Chácara Klabin,Chácara Klabin,Smart,2023-01-01,3,0,36,9.48,474118.0,1422353.0
EMP010,Inside Chácara Klabin,Chácara Klabin,Smart,2023-02-01,3,0,33,8.75,476397.0,1429191.0
EMP010,Inside Chácara Klabin,Chácara Klabin,Smart,2023-03-01,2,0,30,8.18,478676.0,957353.0
EMP010,Inside Chácara Klabin,Chácara Klabin,Smart,2023-04-01,2,0,28,6.44,480956.0,961912.0
EMP010,Inside Chácara Klabin,Chácara Klabin,Smart,2023-05-01,2,0,26,6.89,483235.0,966471.0
EMP010,Inside Chácara Klabin,Chácara Klabin,Smart,2023-06-01,1,0,24,6.01,485515.0,485515.0
EMP010,Inside Chácara Klabin,Chácara Klabin,Smart,2023-07-01,1,0,23,4.64,487794.0,487794.0
EMP010,Inside Chácara Klabin,Chácara Klabin,Smart,2023-08-01,1,0,22,5.32,490074.0,490074.0
EMP010,Inside Chácara Klabin,Chácara Klabin,Smart,2023-09-01,1,0,21,4.94,492353.0,492353.0
EMP010,Inside Chácara Klabin,Chácara Klabin,Smart,2023-10-01,1,0,20,3.25,494632.0,494632.0
EMP010,Inside Chácara Klabin,Chácara Klabin,Smart,2023-11-01,1,0,19,3.21,496912.0,496912.0
EMP010,Inside Chácara Klabin,Chácara Klabin,Smart,2023-12-01,1,0,18,3.67,499191.0,499191.0
EMP010,Inside Chácara Klabin,Chácara Klabin,Smart,2024-01-01,1,0,17,3.29,501471.0,501471.0
EMP010,Inside Chácara Klabin,Chácara Klabin,Smart,2024-02-01,0,0,16,2.18,503750.0,0.0
EMP010,Inside Chácara Klabin,Chácara Klabin,Smart,2024-03-01,0,0,16,1.97,506029.0,0.0
EMP010,Inside Chácara Klabin,Chácara Klabin,Smart,2024-04-01,0,0,16,2.0,508309.0,0.0
EMP010,Inside Chácara Klabin,Chácara Klabin,Smart,2024-05-01,0,0,16,1.98,510588.0,0.0
EMP010,Inside Chácara Klabin,Chácara Klabin,Smart,2024-06-01,0,0,16,2.0,512868.0,0.0
EMP010,Inside Chácara Klabin,Chácara Klabin,Smart,2024-07-01,0,0,16,1.47,515147.0,0.0
EMP010,Inside Chácara Klabin,Chácara Klabin,Smart,2024-08-01,0,0,16,1.47,517426.0,0.0
EMP010,Inside Chácara Klabin,Chácara Klabin,Smart,2024-09-01,0,0,16,1.77,519706.0,0.0
EMP010,Inside Chácara Klabin,Chácara Klabin,Smart,2024-10-01,0,0,16,0.59,521985.0,0.0
EMP010,Inside Chácara Klabin,Chácara Klabin,Smart,2024-11-01,0,0,16,0.81,524265.0,0.0
EMP010,Inside Chácara Klabin,Chácara Klabin,Smart,2024-12-01,0,0,16,1.41,526544.0,0.0
EMP010,Inside Chácara Klabin,Chácara Klabin,Smart,2025-01-01,0,0,16,1.6,528824.0,0.0
EMP010,Inside Chácara Klabin,Chácara Klabin,Smart,2025-02-01,0,0,16,0.95,531103.0,0.0
EMP010,Inside Chácara Klabin,Chácara Klabin,Smart,2025-03-01,0,0,16,0.91,533382.0,0.0
EMP010,Inside Chácara Klabin,Chácara Klabin,Smart,2025-04-01,0,0,16,0.5,535662.0,0.0
EMP010,Inside Chácara Klabin,Chácara Klabin,Smart,2025-05-01,0,0,16,0.67,537941.0,0.0
EMP010,Inside Chácara Klabin,Chácara Klabin,Smart,2025-06-01,0,0,16,0.74,540221.0,0.0
EMP010,Inside Chácara Klabin,Chácara Klabin,Smart,2025-07-01,0,0,16,0.5,542500.0,0.0
EMP010,Inside Chácara Klabin,Chácara Klabin,Smart,2025-08-01,0,0,16,0.5,544779.0,0.0
EMP010,Inside Chácara Klabin,Chácara Klabin,Smart,2025-09-01,0,0,16,0.5,547059.0,0.0
EMP010,Inside Chácara Klabin,Chácara Klabin,Smart,2025-10-01,0,0,16,0.5,549338.0,0.0
EMP010,Inside Chácara Klabin,Chácara Klabin,Smart,2025-11-01,0,0,16,0.5,551618.0,0.0
EMP010,Inside Chácara Klabin,Chácara Klabin,Smart,2025-12-01,0,0,16,0.5,553897.0,0.0
EMP010,Inside Chácara Klabin,Chácara Klabin,Smart,2026-01-01,0,0,16,0.5,556176.0,0.0
EMP010,Inside Chácara Klabin,Chácara Klabin,Smart,2026-02-01,0,0,16,0.5,558456.0,0.0
EMP010,Inside Chácara Klabin,Chácara Klabin,Smart,2026-03-01,0,0,16,1.01,560735.0,0.0
EMP011,Loomi Chácara Sto. Antônio,Chácara Sto. Antônio,Alto Padrão,2022-09-01,18,0,88,20.86,1500000.0,27000000.0
EMP011,Loomi Chácara Sto. Antônio,Chácara Sto. Antônio,Alto Padrão,2022-10-01,13,0,70,18.18,1507500.0,19597500.0
EMP011,Loomi Chácara Sto. Antônio,Chácara Sto. Antônio,Alto Padrão,2022-11-01,9,0,57,15.29,1515000.0,13635000.0
EMP011,Loomi Chácara Sto. Antônio,Chácara Sto. Antônio,Alto Padrão,2022-12-01,6,0,48,12.57,1522500.0,9135000.0
EMP011,Loomi Chácara Sto. Antônio,Chácara Sto. Antônio,Alto Padrão,2023-01-01,5,0,42,11.43,1530000.0,7650000.0
EMP011,Loomi Chácara Sto. Antônio,Chácara Sto. Antônio,Alto Padrão,2023-02-01,4,0,37,9.95,1537500.0,6150000.0
EMP011,Loomi Chácara Sto. Antônio,Chácara Sto. Antônio,Alto Padrão,2023-03-01,3,0,33,8.85,1545000.0,4635000.0
EMP011,Loomi Chácara Sto. Antônio,Chácara Sto. Antônio,Alto Padrão,2023-04-01,2,0,30,7.23,1552500.0,3105000.0
EMP011,Loomi Chácara Sto. Antônio,Chácara Sto. Antônio,Alto Padrão,2023-05-01,2,0,28,5.78,1560000.0,3120000.0
EMP011,Loomi Chácara Sto. Antônio,Chácara Sto. Antônio,Alto Padrão,2023-06-01,1,0,26,5.16,1567500.0,1567500.0
EMP011,Loomi Chácara Sto. Antônio,Chácara Sto. Antônio,Alto Padrão,2023-07-01,1,0,25,4.55,1575000.0,1575000.0
EMP011,Loomi Chácara Sto. Antônio,Chácara Sto. Antônio,Alto Padrão,2023-08-01,1,0,24,4.34,1582500.0,1582500.0
EMP011,Loomi Chácara Sto. Antônio,Chácara Sto. Antônio,Alto Padrão,2023-09-01,1,0,23,3.69,1590000.0,1590000.0
EMP011,Loomi Chácara Sto. Antônio,Chácara Sto. Antônio,Alto Padrão,2023-10-01,1,0,22,2.9,1597500.0,1597500.0
EMP011,Loomi Chácara Sto. Antônio,Chácara Sto. Antônio,Alto Padrão,2023-11-01,1,0,21,3.44,1605000.0,1605000.0
EMP011,Loomi Chácara Sto. Antônio,Chácara Sto. Antônio,Alto Padrão,2023-12-01,1,0,20,2.53,1612500.0,1612500.0
EMP011,Loomi Chácara Sto. Antônio,Chácara Sto. Antônio,Alto Padrão,2024-01-01,0,0,19,1.68,1620000.0,0.0
EMP011,Loomi Chácara Sto. Antônio,Chácara Sto. Antônio,Alto Padrão,2024-02-01,0,0,19,1.22,1627500.0,0.0
EMP011,Loomi Chácara Sto. Antônio,Chácara Sto. Antônio,Alto Padrão,2024-03-01,0,0,19,1.08,1635000.0,0.0
EMP011,Loomi Chácara Sto. Antônio,Chácara Sto. Antônio,Alto Padrão,2024-04-01,0,0,19,1.03,1642500.0,0.0
EMP011,Loomi Chácara Sto. Antônio,Chácara Sto. Antônio,Alto Padrão,2024-05-01,0,0,19,0.74,1650000.0,0.0
EMP011,Loomi Chácara Sto. Antônio,Chácara Sto. Antônio,Alto Padrão,2024-06-01,0,0,19,0.64,1657500.0,0.0
EMP011,Loomi Chácara Sto. Antônio,Chácara Sto. Antônio,Alto Padrão,2024-07-01,0,0,19,0.66,1665000.0,0.0
EMP011,Loomi Chácara Sto. Antônio,Chácara Sto. Antônio,Alto Padrão,2024-08-01,0,0,19,0.5,1672500.0,0.0
EMP011,Loomi Chácara Sto. Antônio,Chácara Sto. Antônio,Alto Padrão,2024-09-01,0,0,19,1.39,1680000.0,0.0
EMP011,Loomi Chácara Sto. Antônio,Chácara Sto. Antônio,Alto Padrão,2024-10-01,0,0,19,0.5,1687500.0,0.0
EMP011,Loomi Chácara Sto. Antônio,Chácara Sto. Antônio,Alto Padrão,2024-11-01,0,0,19,0.69,1695000.0,0.0
EMP011,Loomi Chácara Sto. Antônio,Chácara Sto. Antônio,Alto Padrão,2024-12-01,0,0,19,0.5,1702500.0,0.0
EMP011,Loomi Chácara Sto. Antônio,Chácara Sto. Antônio,Alto Padrão,2025-01-01,0,0,19,1.27,1710000.0,0.0
EMP011,Loomi Chácara Sto. Antônio,Chácara Sto. Antônio,Alto Padrão,2025-02-01,0,0,19,0.5,1717500.0,0.0
EMP011,Loomi Chácara Sto. Antônio,Chácara Sto. Antônio,Alto Padrão,2025-03-01,0,0,19,0.5,1725000.0,0.0
EMP011,Loomi Chácara Sto. Antônio,Chácara Sto. Antônio,Alto Padrão,2025-04-01,0,0,19,1.14,1732500.0,0.0
EMP011,Loomi Chácara Sto. Antônio,Chácara Sto. Antônio,Alto Padrão,2025-05-01,0,0,19,0.96,1740000.0,0.0
EMP011,Loomi Chácara Sto. Antônio,Chácara Sto. Antônio,Alto Padrão,2025-06-01,0,0,19,0.87,1747500.0,0.0
EMP011,Loomi Chácara Sto. Antônio,Chácara Sto. Antônio,Alto Padrão,2025-07-01,0,0,19,0.5,1755000.0,0.0
EMP011,Loomi Chácara Sto. Antônio,Chácara Sto. Antônio,Alto Padrão,2025-08-01,0,0,19,0.5,1762500.0,0.0
EMP011,Loomi Chácara Sto. Antônio,Chácara Sto. Antônio,Alto Padrão,2025-09-01,0,0,19,0.59,1770000.0,0.0
EMP011,Loomi Chácara Sto. Antônio,Chácara Sto. Antônio,Alto Padrão,2025-10-01,0,0,19,0.97,1777500.0,0.0
EMP011,Loomi Chácara Sto. Antônio,Chácara Sto. Antônio,Alto Padrão,2025-11-01,0,0,19,0.5,1785000.0,0.0
EMP011,Loomi Chácara Sto. Antônio,Chácara Sto. Antônio,Alto Padrão,2025-12-01,0,0,19,0.5,1792500.0,0.0
EMP011,Loomi Chácara Sto. Antônio,Chácara Sto. Antônio,Alto Padrão,2026-01-01,0,0,19,0.5,1800000.0,0.0
EMP011,Loomi Chácara Sto. Antônio,Chácara Sto. Antônio,Alto Padrão,2026-02-01,0,0,19,0.7,1807500.0,0.0
EMP011,Loomi Chácara Sto. Antônio,Chácara Sto. Antônio,Alto Padrão,2026-03-01,0,0,19,0.5,1815000.0,0.0
EMP011,Loomi Chácara Sto. Antônio,Chácara Sto. Antônio,Alto Padrão,2026-04-01,0,0,19,0.5,1822500.0,0.0
EMP012,Verdi Aclimação,Aclimação,Premium,2023-01-01,13,0,56,22.52,1571429.0,20428571.0
EMP012,Verdi Aclimação,Aclimação,Premium,2023-02-01,8,0,43,19.45,1579286.0,12634286.0
EMP012,Verdi Aclimação,Aclimação,Premium,2023-03-01,6,0,35,16.91,1587143.0,9522857.0
EMP012,Verdi Aclimação,Aclimação,Premium,2023-04-01,5,0,29,15.58,1595000.0,7975000.0
EMP012,Verdi Aclimação,Aclimação,Premium,2023-05-01,3,0,24,13.28,1602857.0,4808571.0
EMP012,Verdi Aclimação,Aclimação,Premium,2023-06-01,3,0,21,12.12,1610714.0,4832143.0
EMP012,Verdi Aclimação,Aclimação,Premium,2023-07-01,2,0,18,10.07,1618571.0,3237143.0
EMP012,Verdi Aclimação,Aclimação,Premium,2023-08-01,1,0,16,9.32,1626429.0,1626429.0
EMP012,Verdi Aclimação,Aclimação,Premium,2023-09-01,1,0,15,8.3,1634286.0,1634286.0
EMP012,Verdi Aclimação,Aclimação,Premium,2023-10-01,1,0,14,6.62,1642143.0,1642143.0
EMP012,Verdi Aclimação,Aclimação,Premium,2023-11-01,1,0,13,6.2,1650000.0,1650000.0
EMP012,Verdi Aclimação,Aclimação,Premium,2023-12-01,1,0,12,5.16,1657857.0,1657857.0
EMP012,Verdi Aclimação,Aclimação,Premium,2024-01-01,0,0,11,4.39,1665714.0,0.0
EMP012,Verdi Aclimação,Aclimação,Premium,2024-02-01,1,0,11,5.21,1673571.0,1673571.0
EMP012,Verdi Aclimação,Aclimação,Premium,2024-03-01,0,0,10,3.7,1681429.0,0.0
EMP012,Verdi Aclimação,Aclimação,Premium,2024-04-01,0,0,10,3.99,1689286.0,0.0
EMP012,Verdi Aclimação,Aclimação,Premium,2024-05-01,0,0,10,2.76,1697143.0,0.0
EMP012,Verdi Aclimação,Aclimação,Premium,2024-06-01,0,0,10,3.06,1705000.0,0.0
EMP012,Verdi Aclimação,Aclimação,Premium,2024-07-01,0,0,10,2.87,1712857.0,0.0
EMP012,Verdi Aclimação,Aclimação,Premium,2024-08-01,0,0,10,2.35,1720714.0,0.0
EMP012,Verdi Aclimação,Aclimação,Premium,2024-09-01,0,0,10,1.93,1728571.0,0.0
EMP012,Verdi Aclimação,Aclimação,Premium,2024-10-01,0,0,10,1.64,1736429.0,0.0
EMP012,Verdi Aclimação,Aclimação,Premium,2024-11-01,0,0,10,1.36,1744286.0,0.0
EMP012,Verdi Aclimação,Aclimação,Premium,2024-12-01,0,0,10,2.07,1752143.0,0.0
EMP012,Verdi Aclimação,Aclimação,Premium,2025-01-01,0,0,10,1.78,1760000.0,0.0
EMP012,Verdi Aclimação,Aclimação,Premium,2025-02-01,0,0,10,1.86,1767857.0,0.0
EMP012,Verdi Aclimação,Aclimação,Premium,2025-03-01,0,0,10,0.5,1775714.0,0.0
EMP012,Verdi Aclimação,Aclimação,Premium,2025-04-01,0,0,10,1.3,1783571.0,0.0
EMP012,Verdi Aclimação,Aclimação,Premium,2025-05-01,0,0,10,1.53,1791429.0,0.0
EMP012,Verdi Aclimação,Aclimação,Premium,2025-06-01,0,0,10,0.5,1799286.0,0.0
EMP012,Verdi Aclimação,Aclimação,Premium,2025-07-01,0,0,10,0.5,1807143.0,0.0
EMP012,Verdi Aclimação,Aclimação,Premium,2025-08-01,0,0,10,1.03,1815000.0,0.0
EMP012,Verdi Aclimação,Aclimação,Premium,2025-09-01,0,0,10,0.73,1822857.0,0.0
EMP012,Verdi Aclimação,Aclimação,Premium,2025-10-01,0,0,10,1.09,1830714.0,0.0
EMP012,Verdi Aclimação,Aclimação,Premium,2025-11-01,0,0,10,0.5,1838571.0,0.0
EMP012,Verdi Aclimação,Aclimação,Premium,2025-12-01,0,0,10,0.95,1846429.0,0.0
EMP012,Verdi Aclimação,Aclimação,Premium,2026-01-01,0,0,10,0.5,1854286.0,0.0
EMP012,Verdi Aclimação,Aclimação,Premium,2026-02-01,0,0,10,0.5,1862143.0,0.0
EMP012,Verdi Aclimação,Aclimação,Premium,2026-03-01,0,0,10,0.5,1870000.0,0.0
EMP012,Verdi Aclimação,Aclimação,Premium,2026-04-01,0,0,10,0.87,1877857.0,0.0
EMP013,Inside Brooklin II,Brooklin,Smart,2023-04-01,30,0,112,26.94,517857.0,15535714.0
EMP013,Inside Brooklin II,Brooklin,Smart,2023-05-01,20,0,82,24.03,520446.0,10408929.0
EMP013,Inside Brooklin II,Brooklin,Smart,2023-06-01,14,0,62,22.4,523036.0,7322500.0
EMP013,Inside Brooklin II,Brooklin,Smart,2023-07-01,9,0,48,19.52,525625.0,4730625.0
EMP013,Inside Brooklin II,Brooklin,Smart,2023-08-01,7,0,39,18.21,528214.0,3697500.0
EMP013,Inside Brooklin II,Brooklin,Smart,2023-09-01,5,0,32,15.9,530804.0,2654018.0
EMP013,Inside Brooklin II,Brooklin,Smart,2023-10-01,4,0,27,14.23,533393.0,2133571.0
EMP013,Inside Brooklin II,Brooklin,Smart,2023-11-01,3,0,23,12.94,535982.0,1607946.0
EMP013,Inside Brooklin II,Brooklin,Smart,2023-12-01,2,0,20,11.42,538571.0,1077143.0
EMP013,Inside Brooklin II,Brooklin,Smart,2024-01-01,2,0,18,10.95,541161.0,1082321.0
EMP013,Inside Brooklin II,Brooklin,Smart,2024-02-01,2,0,16,9.55,543750.0,1087500.0
EMP013,Inside Brooklin II,Brooklin,Smart,2024-03-01,1,0,14,8.21,546339.0,546339.0
EMP013,Inside Brooklin II,Brooklin,Smart,2024-04-01,1,0,13,8.38,548929.0,548929.0
EMP013,Inside Brooklin II,Brooklin,Smart,2024-05-01,1,0,12,6.85,551518.0,551518.0
EMP013,Inside Brooklin II,Brooklin,Smart,2024-06-01,1,0,11,6.41,554107.0,554107.0
EMP013,Inside Brooklin II,Brooklin,Smart,2024-07-01,1,0,10,6.35,556696.0,556696.0
EMP013,Inside Brooklin II,Brooklin,Smart,2024-08-01,0,0,9,5.38,559286.0,0.0
EMP013,Inside Brooklin II,Brooklin,Smart,2024-09-01,0,0,9,4.12,561875.0,0.0
EMP013,Inside Brooklin II,Brooklin,Smart,2024-10-01,0,0,9,4.91,564464.0,0.0
EMP013,Inside Brooklin II,Brooklin,Smart,2024-11-01,0,0,9,4.04,567054.0,0.0
EMP013,Inside Brooklin II,Brooklin,Smart,2024-12-01,0,0,9,3.24,569643.0,0.0
EMP013,Inside Brooklin II,Brooklin,Smart,2025-01-01,0,0,9,2.63,572232.0,0.0
EMP013,Inside Brooklin II,Brooklin,Smart,2025-02-01,0,0,9,3.32,574821.0,0.0
EMP013,Inside Brooklin II,Brooklin,Smart,2025-03-01,0,0,9,2.79,577411.0,0.0
EMP013,Inside Brooklin II,Brooklin,Smart,2025-04-01,0,0,9,2.43,580000.0,0.0
EMP013,Inside Brooklin II,Brooklin,Smart,2025-05-01,0,0,9,2.75,582589.0,0.0
EMP013,Inside Brooklin II,Brooklin,Smart,2025-06-01,0,0,9,2.4,585179.0,0.0
EMP013,Inside Brooklin II,Brooklin,Smart,2025-07-01,0,0,9,1.28,587768.0,0.0
EMP013,Inside Brooklin II,Brooklin,Smart,2025-08-01,0,0,9,1.36,590357.0,0.0
EMP013,Inside Brooklin II,Brooklin,Smart,2025-09-01,0,0,9,1.13,592946.0,0.0
EMP013,Inside Brooklin II,Brooklin,Smart,2025-10-01,0,0,9,1.75,595536.0,0.0
EMP013,Inside Brooklin II,Brooklin,Smart,2025-11-01,0,0,9,0.57,598125.0,0.0
EMP013,Inside Brooklin II,Brooklin,Smart,2025-12-01,0,0,9,1.27,600714.0,0.0
EMP013,Inside Brooklin II,Brooklin,Smart,2026-01-01,0,0,9,1.47,603304.0,0.0
EMP013,Inside Brooklin II,Brooklin,Smart,2026-02-01,0,0,9,1.56,605893.0,0.0
EMP013,Inside Brooklin II,Brooklin,Smart,2026-03-01,0,0,9,0.68,608482.0,0.0
EMP013,Inside Brooklin II,Brooklin,Smart,2026-04-01,0,0,9,1.33,611071.0,0.0
EMP014,Insígnia Perdizes,Perdizes,Alto Padrão,2023-07-01,20,0,120,16.77,1633333.0,32666667.0
EMP014,Insígnia Perdizes,Perdizes,Alto Padrão,2023-08-01,13,0,100,13.45,1641500.0,21339500.0
EMP014,Insígnia Perdizes,Perdizes,Alto Padrão,2023-09-01,10,0,87,11.93,1649667.0,16496667.0
EMP014,Insígnia Perdizes,Perdizes,Alto Padrão,2023-10-01,8,0,77,10.87,1657833.0,13262667.0
EMP014,Insígnia Perdizes,Perdizes,Alto Padrão,2023-11-01,6,0,69,8.47,1666000.0,9996000.0
EMP014,Insígnia Perdizes,Perdizes,Alto Padrão,2023-12-01,5,0,63,7.37,1674167.0,8370833.0
EMP014,Insígnia Perdizes,Perdizes,Alto Padrão,2024-01-01,4,0,58,7.05,1682333.0,6729333.0
EMP014,Insígnia Perdizes,Perdizes,Alto Padrão,2024-02-01,3,0,54,6.15,1690500.0,5071500.0
EMP014,Insígnia Perdizes,Perdizes,Alto Padrão,2024-03-01,3,0,51,5.25,1698667.0,5096000.0
EMP014,Insígnia Perdizes,Perdizes,Alto Padrão,2024-04-01,2,0,48,4.66,1706833.0,3413667.0
EMP014,Insígnia Perdizes,Perdizes,Alto Padrão,2024-05-01,2,0,46,3.85,1715000.0,3430000.0
EMP014,Insígnia Perdizes,Perdizes,Alto Padrão,2024-06-01,1,0,44,2.92,1723167.0,1723167.0
EMP014,Insígnia Perdizes,Perdizes,Alto Padrão,2024-07-01,1,0,43,2.64,1731333.0,1731333.0
EMP014,Insígnia Perdizes,Perdizes,Alto Padrão,2024-08-01,1,0,42,2.02,1739500.0,1739500.0
EMP014,Insígnia Perdizes,Perdizes,Alto Padrão,2024-09-01,1,0,41,2.8,1747667.0,1747667.0
EMP014,Insígnia Perdizes,Perdizes,Alto Padrão,2024-10-01,1,0,40,2.04,1755833.0,1755833.0
EMP014,Insígnia Perdizes,Perdizes,Alto Padrão,2024-11-01,1,0,39,1.53,1764000.0,1764000.0
EMP014,Insígnia Perdizes,Perdizes,Alto Padrão,2024-12-01,1,0,38,1.42,1772167.0,1772167.0
EMP014,Insígnia Perdizes,Perdizes,Alto Padrão,2025-01-01,1,0,37,1.98,1780333.0,1780333.0
EMP014,Insígnia Perdizes,Perdizes,Alto Padrão,2025-02-01,0,0,36,0.64,1788500.0,0.0
EMP014,Insígnia Perdizes,Perdizes,Alto Padrão,2025-03-01,0,0,36,1.16,1796667.0,0.0
EMP014,Insígnia Perdizes,Perdizes,Alto Padrão,2025-04-01,0,0,36,0.93,1804833.0,0.0
EMP014,Insígnia Perdizes,Perdizes,Alto Padrão,2025-05-01,0,0,36,1.0,1813000.0,0.0
EMP014,Insígnia Perdizes,Perdizes,Alto Padrão,2025-06-01,0,0,36,0.5,1821167.0,0.0
EMP014,Insígnia Perdizes,Perdizes,Alto Padrão,2025-07-01,0,0,36,1.24,1829333.0,0.0
EMP014,Insígnia Perdizes,Perdizes,Alto Padrão,2025-08-01,0,0,36,1.27,1837500.0,0.0
EMP014,Insígnia Perdizes,Perdizes,Alto Padrão,2025-09-01,0,0,36,0.66,1845667.0,0.0
EMP014,Insígnia Perdizes,Perdizes,Alto Padrão,2025-10-01,0,0,36,0.82,1853833.0,0.0
EMP014,Insígnia Perdizes,Perdizes,Alto Padrão,2025-11-01,0,0,36,1.12,1862000.0,0.0
EMP014,Insígnia Perdizes,Perdizes,Alto Padrão,2025-12-01,0,0,36,0.76,1870167.0,0.0
EMP014,Insígnia Perdizes,Perdizes,Alto Padrão,2026-01-01,0,0,36,0.5,1878333.0,0.0
EMP014,Insígnia Perdizes,Perdizes,Alto Padrão,2026-02-01,0,0,36,0.51,1886500.0,0.0
EMP014,Insígnia Perdizes,Perdizes,Alto Padrão,2026-03-01,0,0,36,0.54,1894667.0,0.0
EMP014,Insígnia Perdizes,Perdizes,Alto Padrão,2026-04-01,0,0,36,0.5,1902833.0,0.0
EMP015,Classic Jundiaí,Jundiaí,Alto Padrão,2023-10-01,17,0,76,22.53,1105263.0,18789474.0
EMP015,Classic Jundiaí,Jundiaí,Alto Padrão,2023-11-01,11,0,59,19.49,1110789.0,12218684.0
EMP015,Classic Jundiaí,Jundiaí,Alto Padrão,2023-12-01,8,0,48,16.17,1116316.0,8930526.0
EMP015,Classic Jundiaí,Jundiaí,Alto Padrão,2024-01-01,5,0,40,13.43,1121842.0,5609211.0
EMP015,Classic Jundiaí,Jundiaí,Alto Padrão,2024-02-01,4,0,35,12.81,1127368.0,4509474.0
EMP015,Classic Jundiaí,Jundiaí,Alto Padrão,2024-03-01,3,0,31,10.93,1132895.0,3398684.0
EMP015,Classic Jundiaí,Jundiaí,Alto Padrão,2024-04-01,2,0,28,8.44,1138421.0,2276842.0
EMP015,Classic Jundiaí,Jundiaí,Alto Padrão,2024-05-01,2,0,26,8.41,1143947.0,2287895.0
EMP015,Classic Jundiaí,Jundiaí,Alto Padrão,2024-06-01,2,0,24,7.28,1149474.0,2298947.0
EMP015,Classic Jundiaí,Jundiaí,Alto Padrão,2024-07-01,1,0,22,5.84,1155000.0,1155000.0
EMP015,Classic Jundiaí,Jundiaí,Alto Padrão,2024-08-01,1,0,21,5.17,1160526.0,1160526.0
EMP015,Classic Jundiaí,Jundiaí,Alto Padrão,2024-09-01,1,0,20,4.21,1166053.0,1166053.0
EMP015,Classic Jundiaí,Jundiaí,Alto Padrão,2024-10-01,1,0,19,3.12,1171579.0,1171579.0
EMP015,Classic Jundiaí,Jundiaí,Alto Padrão,2024-11-01,1,0,18,3.05,1177105.0,1177105.0
EMP015,Classic Jundiaí,Jundiaí,Alto Padrão,2024-12-01,1,0,17,3.32,1182632.0,1182632.0
EMP015,Classic Jundiaí,Jundiaí,Alto Padrão,2025-01-01,0,0,16,1.76,1188158.0,0.0
EMP015,Classic Jundiaí,Jundiaí,Alto Padrão,2025-02-01,0,0,16,1.94,1193684.0,0.0
EMP015,Classic Jundiaí,Jundiaí,Alto Padrão,2025-03-01,0,0,16,1.76,1199211.0,0.0
EMP015,Classic Jundiaí,Jundiaí,Alto Padrão,2025-04-01,0,0,16,1.74,1204737.0,0.0
EMP015,Classic Jundiaí,Jundiaí,Alto Padrão,2025-05-01,0,0,16,2.11,1210263.0,0.0
EMP015,Classic Jundiaí,Jundiaí,Alto Padrão,2025-06-01,0,0,16,1.08,1215789.0,0.0
EMP015,Classic Jundiaí,Jundiaí,Alto Padrão,2025-07-01,0,0,16,0.93,1221316.0,0.0
EMP015,Classic Jundiaí,Jundiaí,Alto Padrão,2025-08-01,0,0,16,1.39,1226842.0,0.0
EMP015,Classic Jundiaí,Jundiaí,Alto Padrão,2025-09-01,0,0,16,0.85,1232368.0,0.0
EMP015,Classic Jundiaí,Jundiaí,Alto Padrão,2025-10-01,0,0,16,0.5,1237895.0,0.0
EMP015,Classic Jundiaí,Jundiaí,Alto Padrão,2025-11-01,0,0,16,0.68,1243421.0,0.0
EMP015,Classic Jundiaí,Jundiaí,Alto Padrão,2025-12-01,0,0,16,0.5,1248947.0,0.0
EMP015,Classic Jundiaí,Jundiaí,Alto Padrão,2026-01-01,0,0,16,0.5,1254474.0,0.0
EMP015,Classic Jundiaí,Jundiaí,Alto Padrão,2026-02-01,0,0,16,0.56,1260000.0,0.0
EMP015,Classic Jundiaí,Jundiaí,Alto Padrão,2026-03-01,0,0,16,0.5,1265526.0,0.0
EMP015,Classic Jundiaí,Jundiaí,Alto Padrão,2026-04-01,0,0,16,1.11,1271053.0,0.0
EMP016,Infinity Perdizes,Perdizes,Premium,2024-03-01,33,0,152,21.99,1763158.0,58184211.0
EMP016,Infinity Perdizes,Perdizes,Premium,2024-04-01,23,0,119,19.48,1771974.0,40755395.0
EMP016,Infinity Perdizes,Perdizes,Premium,2024-05-01,16,0,96,16.27,1780789.0,28492632.0
EMP016,Infinity Perdizes,Perdizes,Premium,2024-06-01,12,0,80,15.23,1789605.0,21475263.0
EMP016,Infinity Perdizes,Perdizes,Premium,2024-07-01,9,0,68,12.73,1798421.0,16185789.0
EMP016,Infinity Perdizes,Perdizes,Premium,2024-08-01,7,0,59,12.35,1807237.0,12650658.0
EMP016,Infinity Perdizes,Perdizes,Premium,2024-09-01,5,0,52,9.77,1816053.0,9080263.0
EMP016,Infinity Perdizes,Perdizes,Premium,2024-10-01,4,0,47,8.96,1824868.0,7299474.0
EMP016,Infinity Perdizes,Perdizes,Premium,2024-11-01,3,0,43,7.4,1833684.0,5501053.0
EMP016,Infinity Perdizes,Perdizes,Premium,2024-12-01,3,0,40,7.84,1842500.0,5527500.0
EMP016,Infinity Perdizes,Perdizes,Premium,2025-01-01,2,0,37,6.28,1851316.0,3702632.0
EMP016,Infinity Perdizes,Perdizes,Premium,2025-02-01,2,0,35,5.69,1860132.0,3720263.0
EMP016,Infinity Perdizes,Perdizes,Premium,2025-03-01,1,0,33,4.26,1868947.0,1868947.0
EMP016,Infinity Perdizes,Perdizes,Premium,2025-04-01,2,0,32,4.73,1877763.0,3755526.0
EMP016,Infinity Perdizes,Perdizes,Premium,2025-05-01,1,0,30,3.43,1886579.0,1886579.0
EMP016,Infinity Perdizes,Perdizes,Premium,2025-06-01,1,0,29,4.03,1895395.0,1895395.0
EMP016,Infinity Perdizes,Perdizes,Premium,2025-07-01,1,0,28,2.6,1904211.0,1904211.0
EMP016,Infinity Perdizes,Perdizes,Premium,2025-08-01,1,0,27,2.25,1913026.0,1913026.0
EMP016,Infinity Perdizes,Perdizes,Premium,2025-09-01,0,1,26,1.72,1921842.0,0.0
EMP016,Infinity Perdizes,Perdizes,Premium,2025-10-01,1,1,27,2.11,1930658.0,1930658.0
EMP016,Infinity Perdizes,Perdizes,Premium,2025-11-01,1,1,27,2.02,1939474.0,1939474.0
EMP016,Infinity Perdizes,Perdizes,Premium,2025-12-01,0,0,27,1.07,1948289.0,0.0
EMP016,Infinity Perdizes,Perdizes,Premium,2026-01-01,1,0,27,1.96,1957105.0,1957105.0
EMP016,Infinity Perdizes,Perdizes,Premium,2026-02-01,0,0,26,1.32,1965921.0,0.0
EMP016,Infinity Perdizes,Perdizes,Premium,2026-03-01,0,0,26,1.29,1974737.0,0.0
EMP016,Infinity Perdizes,Perdizes,Premium,2026-04-01,0,0,26,1.05,1983553.0,0.0
EMP017,Inside Perdizes,Perdizes,Smart,2024-06-01,39,0,160,24.35,450000.0,17550000.0
EMP017,Inside Perdizes,Perdizes,Smart,2024-07-01,26,0,121,21.34,452250.0,11758500.0
EMP017,Inside Perdizes,Perdizes,Smart,2024-08-01,18,0,95,19.22,454500.0,8181000.0
EMP017,Inside Perdizes,Perdizes,Smart,2024-09-01,14,0,77,18.29,456750.0,6394500.0
EMP017,Inside Perdizes,Perdizes,Smart,2024-10-01,11,0,63,16.67,459000.0,5049000.0
EMP017,Inside Perdizes,Perdizes,Smart,2024-11-01,7,0,52,14.24,461250.0,3228750.0
EMP017,Inside Perdizes,Perdizes,Smart,2024-12-01,6,0,45,12.66,463500.0,2781000.0
EMP017,Inside Perdizes,Perdizes,Smart,2025-01-01,5,0,39,11.95,465750.0,2328750.0
EMP017,Inside Perdizes,Perdizes,Smart,2025-02-01,4,1,34,10.45,468000.0,1872000.0
EMP017,Inside Perdizes,Perdizes,Smart,2025-03-01,3,1,31,8.84,470250.0,1410750.0
EMP017,Inside Perdizes,Perdizes,Smart,2025-04-01,2,1,29,8.11,472500.0,945000.0
EMP017,Inside Perdizes,Perdizes,Smart,2025-05-01,2,1,28,8.11,474750.0,949500.0
EMP017,Inside Perdizes,Perdizes,Smart,2025-06-01,2,1,27,7.27,477000.0,954000.0
EMP017,Inside Perdizes,Perdizes,Smart,2025-07-01,1,1,26,5.64,479250.0,479250.0
EMP017,Inside Perdizes,Perdizes,Smart,2025-08-01,1,1,26,5.33,481500.0,481500.0
EMP017,Inside Perdizes,Perdizes,Smart,2025-09-01,1,1,26,4.79,483750.0,483750.0
EMP017,Inside Perdizes,Perdizes,Smart,2025-10-01,1,0,26,4.96,486000.0,486000.0
EMP017,Inside Perdizes,Perdizes,Smart,2025-11-01,1,0,25,3.53,488250.0,488250.0
EMP017,Inside Perdizes,Perdizes,Smart,2025-12-01,1,0,24,3.26,490500.0,490500.0
EMP017,Inside Perdizes,Perdizes,Smart,2026-01-01,1,0,23,3.94,492750.0,492750.0
EMP017,Inside Perdizes,Perdizes,Smart,2026-02-01,1,0,22,2.69,495000.0,495000.0
EMP017,Inside Perdizes,Perdizes,Smart,2026-03-01,1,0,21,3.11,497250.0,497250.0
EMP017,Inside Perdizes,Perdizes,Smart,2026-04-01,0,0,20,2.22,499500.0,0.0
EMP018,Insígnia Itaim Bibi,Itaim Bibi,Premium,2024-09-01,32,0,168,18.86,1857143.0,59428571.0
EMP018,Insígnia Itaim Bibi,Itaim Bibi,Premium,2024-10-01,24,0,136,17.3,1866429.0,44794286.0
EMP018,Insígnia Itaim Bibi,Itaim Bibi,Premium,2024-11-01,17,0,112,15.49,1875714.0,31887143.0
EMP018,Insígnia Itaim Bibi,Itaim Bibi,Premium,2024-12-01,13,0,95,13.69,1885000.0,24505000.0
EMP018,Insígnia Itaim Bibi,Itaim Bibi,Premium,2025-01-01,9,0,82,11.49,1894286.0,17048571.0
EMP018,Insígnia Itaim Bibi,Itaim Bibi,Premium,2025-02-01,8,0,73,10.53,1903571.0,15228571.0
EMP018,Insígnia Itaim Bibi,Itaim Bibi,Premium,2025-03-01,6,0,65,8.63,1912857.0,11477143.0
EMP018,Insígnia Itaim Bibi,Itaim Bibi,Premium,2025-04-01,5,0,59,7.7,1922143.0,9610714.0
EMP018,Insígnia Itaim Bibi,Itaim Bibi,Premium,2025-05-01,4,0,54,7.68,1931429.0,7725714.0
EMP018,Insígnia Itaim Bibi,Itaim Bibi,Premium,2025-06-01,3,0,50,5.53,1940714.0,5822143.0
EMP018,Insígnia Itaim Bibi,Itaim Bibi,Premium,2025-07-01,2,0,47,4.92,1950000.0,3900000.0
EMP018,Insígnia Itaim Bibi,Itaim Bibi,Premium,2025-08-01,2,0,45,4.47,1959286.0,3918571.0
EMP018,Insígnia Itaim Bibi,Itaim Bibi,Premium,2025-09-01,2,0,43,3.64,1968571.0,3937143.0
EMP018,Insígnia Itaim Bibi,Itaim Bibi,Premium,2025-10-01,1,1,41,3.38,1977857.0,1977857.0
EMP018,Insígnia Itaim Bibi,Itaim Bibi,Premium,2025-11-01,1,1,41,3.55,1987143.0,1987143.0
EMP018,Insígnia Itaim Bibi,Itaim Bibi,Premium,2025-12-01,1,1,41,2.92,1996429.0,1996429.0
EMP018,Insígnia Itaim Bibi,Itaim Bibi,Premium,2026-01-01,1,1,41,3.3,2005714.0,2005714.0
EMP018,Insígnia Itaim Bibi,Itaim Bibi,Premium,2026-02-01,1,1,41,2.89,2015000.0,2015000.0
EMP018,Insígnia Itaim Bibi,Itaim Bibi,Premium,2026-03-01,1,0,41,1.92,2024286.0,2024286.0
EMP018,Insígnia Itaim Bibi,Itaim Bibi,Premium,2026-04-01,1,0,40,1.56,2033571.0,2033571.0
EMP019,Loomi Vila Olímpia,Vila Olímpia,Alto Padrão,2025-01-01,18,0,96,18.8,1541667.0,27750000.0
EMP019,Loomi Vila Olímpia,Vila Olímpia,Alto Padrão,2025-02-01,12,0,78,15.74,1549375.0,18592500.0
EMP019,Loomi Vila Olímpia,Vila Olímpia,Alto Padrão,2025-03-01,9,0,66,14.06,1557083.0,14013750.0
EMP019,Loomi Vila Olímpia,Vila Olímpia,Alto Padrão,2025-04-01,7,0,57,11.83,1564792.0,10953542.0
EMP019,Loomi Vila Olímpia,Vila Olímpia,Alto Padrão,2025-05-01,5,0,50,10.4,1572500.0,7862500.0
EMP019,Loomi Vila Olímpia,Vila Olímpia,Alto Padrão,2025-06-01,4,0,45,8.82,1580208.0,6320833.0
EMP019,Loomi Vila Olímpia,Vila Olímpia,Alto Padrão,2025-07-01,3,0,41,7.39,1587917.0,4763750.0
EMP019,Loomi Vila Olímpia,Vila Olímpia,Alto Padrão,2025-08-01,3,0,38,7.33,1595625.0,4786875.0
EMP019,Loomi Vila Olímpia,Vila Olímpia,Alto Padrão,2025-09-01,2,0,35,6.16,1603333.0,3206667.0
EMP019,Loomi Vila Olímpia,Vila Olímpia,Alto Padrão,2025-10-01,1,0,33,4.45,1611042.0,1611042.0
EMP019,Loomi Vila Olímpia,Vila Olímpia,Alto Padrão,2025-11-01,2,0,32,4.88,1618750.0,3237500.0
EMP019,Loomi Vila Olímpia,Vila Olímpia,Alto Padrão,2025-12-01,1,0,30,3.74,1626458.0,1626458.0
EMP019,Loomi Vila Olímpia,Vila Olímpia,Alto Padrão,2026-01-01,1,0,29,3.86,1634167.0,1634167.0
EMP019,Loomi Vila Olímpia,Vila Olímpia,Alto Padrão,2026-02-01,1,0,28,3.29,1641875.0,1641875.0
EMP019,Loomi Vila Olímpia,Vila Olímpia,Alto Padrão,2026-03-01,1,0,27,2.37,1649583.0,1649583.0
EMP019,Loomi Vila Olímpia,Vila Olímpia,Alto Padrão,2026-04-01,0,0,26,1.45,1657292.0,0.0
EMP020,Classic Moema,Moema,Alto Padrão,2025-05-01,20,0,112,17.73,1446429.0,28928571.0
EMP020,Classic Moema,Moema,Alto Padrão,2025-06-01,14,0,92,15.43,1453661.0,20351250.0
EMP020,Classic Moema,Moema,Alto Padrão,2025-07-01,10,0,78,12.77,1460893.0,14608929.0
EMP020,Classic Moema,Moema,Alto Padrão,2025-08-01,7,0,68,10.79,1468125.0,10276875.0
EMP020,Classic Moema,Moema,Alto Padrão,2025-09-01,6,0,61,10.28,1475357.0,8852143.0
EMP020,Classic Moema,Moema,Alto Padrão,2025-10-01,5,0,55,9.17,1482589.0,7412946.0
EMP020,Classic Moema,Moema,Alto Padrão,2025-11-01,4,0,50,7.34,1489821.0,5959286.0
EMP020,Classic Moema,Moema,Alto Padrão,2025-12-01,3,0,46,5.82,1497054.0,4491161.0
EMP020,Classic Moema,Moema,Alto Padrão,2026-01-01,2,0,43,5.12,1504286.0,3008571.0
EMP020,Classic Moema,Moema,Alto Padrão,2026-02-01,2,0,41,4.01,1511518.0,3023036.0
EMP020,Classic Moema,Moema,Alto Padrão,2026-03-01,2,0,39,4.73,1518750.0,3037500.0
EMP020,Classic Moema,Moema,Alto Padrão,2026-04-01,1,0,37,2.99,1525982.0,1525982.0
